hero_id,opponent_id,value,curated,resolved_value,cpgg,opick,cwatch,disagreement
ana,anran,-46,,-46,-50.0,0.0,-32.0,False
ana,ashe,-17,,-17,-25.0,0.0,,False
ana,baptiste,-25,,-25,-25.0,50.0,,False
ana,bastion,42,,42,50.0,-50.0,,False
ana,brigitte,17,,17,25.0,50.0,-9.0,False
ana,cassidy,2,,2,0.0,0.0,,False
ana,dmon,-56,,-56,-75.0,0.0,-9.0,True
ana,domina,34,,34,,50.0,34.0,False
ana,doomfist,31,,31,50.0,-50.0,-17.0,True
ana,dva,-42,,-42,-75.0,50.0,,True
ana,echo,-18,,-18,-25.0,50.0,,False
ana,freja,-53,,-53,-75.0,-50.0,-4.0,True
ana,genji,-61,,-61,-75.0,0.0,-17.0,False
ana,hanzo,-37,,-37,-50.0,0.0,,False
ana,hazard,56,,56,75.0,0.0,,True
ana,illari,-1,,-1,0.0,0.0,-4.0,False
ana,junker-queen,1,,1,0.0,-50.0,,False
ana,junkrat,-17,,-17,-25.0,0.0,,False
ana,juno,-22,,-22,-25.0,0.0,-13.0,False
ana,kiriko,-40,,-40,-50.0,0.0,-9.0,False
ana,lifeweaver,-23,,-23,-25.0,-50.0,-17.0,False
ana,lucio,-43,,-43,-50.0,0.0,-20.0,False
ana,mauga,56,,56,75.0,0.0,,True
ana,mei,25,,25,25.0,0.0,,False
ana,mercy,40,,40,75.0,0.0,-17.0,True
ana,mizuki,0,-25.0,-25,,,,False
ana,moira,-24,,-24,-25.0,0.0,-22.0,False
ana,orisa,25,,25,25.0,50.0,,False
ana,pharah,23,,23,25.0,0.0,,False
ana,ramattra,44,,44,50.0,0.0,24.0,False
ana,reaper,-25,,-25,-25.0,50.0,,False
ana,reinhardt,7,,7,0.0,50.0,28.0,False
ana,roadhog,82,,82,100.0,0.0,37.0,True
ana,shion,-4,,-4,0.0,100.0,-17.0,False
ana,sierra,-25,,-25,-25.0,0.0,,False
ana,sigma,-75,,-75,-75.0,0.0,,False
ana,sojourn,-25,,-25,-25.0,0.0,,False
ana,soldier-76,0,,0,0.0,0.0,,False
ana,sombra,-40,,-40,-50.0,-50.0,-9.0,False
ana,symmetra,5,,5,0.0,50.0,18.0,False
ana,torbjorn,23,,23,25.0,50.0,,False
ana,tracer,-61,,-61,-75.0,50.0,-17.0,False
ana,vendetta,-41,,-41,-50.0,-50.0,-13.0,False
ana,venture,-42,,-42,-50.0,-50.0,-17.0,False
ana,widowmaker,-50,,-50,-50.0,0.0,,False
ana,winston,-71,,-71,-100.0,0.0,-22.0,True
ana,wrecking-ball,50,,50,50.0,50.0,,False
ana,wuyang,-42,,-42,-50.0,50.0,-19.0,False
ana,zarya,-100,,-100,-100.0,-50.0,,False
ana,zenyatta,2,,2,0.0,-50.0,,False
anran,ana,46,,46,50.0,50.0,32.0,False
anran,ashe,28,,28,,,,False
anran,baptiste,-29,,-29,-50.0,-50.0,24.0,True
anran,bastion,26,,26,,,,False
anran,brigitte,-43,,-43,-50.0,0.0,-22.0,False
anran,cassidy,-50,,-50,-50.0,0.0,,False
anran,dmon,-10,,-10,0.0,0.0,-38.0,False
anran,domina,-9,,-9,,0.0,-9.0,False
anran,doomfist,31,,31,50.0,-50.0,-17.0,True
anran,echo,-18,,-18,-25.0,-50.0,,False
anran,emre,22,,22,25.0,50.0,,False
anran,genji,46,,46,50.0,0.0,34.0,False
anran,hazard,-22,,-22,,0.0,-22.0,False
anran,illari,28,,28,,-50.0,28.0,False
anran,jetpack-cat,-56,,-56,-75.0,-100.0,-9.0,True
anran,junkrat,-30,,-30,,-50.0,-30.0,False
anran,juno,-30,,-30,-50.0,-100.0,20.0,True
anran,kiriko,-40,,-40,-75.0,-50.0,,True
anran,lifeweaver,17,,17,,,,False
anran,mei,-59,,-59,-75.0,0.0,-13.0,True
anran,mercy,-33,,-33,-50.0,-50.0,,True
anran,moira,-64,,-64,-75.0,50.0,-32.0,False
anran,orisa,-50,,-50,-50.0,50.0,,False
anran,pharah,-63,,-63,-75.0,0.0,-26.0,False
anran,reaper,-75,,-75,-75.0,-50.0,,False
anran,reinhardt,-30,,-30,,0.0,-30.0,False
anran,roadhog,-41,,-41,-50.0,-50.0,-13.0,False
anran,shion,5,,5,0.0,-50.0,,False
anran,sierra,25,,25,25.0,50.0,,False
anran,sigma,50,,50,50.0,0.0,,False
anran,soldier-76,19,,19,,,,False
anran,sombra,-35,,-35,-50.0,0.0,,False
anran,symmetra,-42,,-42,-75.0,-50.0,,True
anran,torbjorn,-25,,-25,-25.0,-50.0,,False
anran,venture,-26,,-26,,-100.0,-26.0,False
anran,widowmaker,50,,50,50.0,0.0,,False
anran,winston,-41,,-41,,100.0,-41.0,False
anran,wrecking-ball,-36,,-36,,100.0,-36.0,False
anran,wuyang,13,,13,,,,False
anran,zarya,-53,,-53,-75.0,-50.0,-4.0,True
anran,zenyatta,20,,20,25.0,0.0,,False
ashe,ana,17,,17,25.0,0.0,-9.0,False
ashe,anran,-28,,-28,,50.0,-28.0,False
ashe,baptiste,1,,1,0.0,100.0,,False
ashe,bastion,41,,41,50.0,0.0,,False
ashe,brigitte,50,,50,50.0,100.0,,False
ashe,cassidy,50,,50,50.0,50.0,,False
ashe,dmon,0,,0,0.0,0.0,,False
ashe,domina,50,,50,50.0,50.0,,False
ashe,doomfist,-25,,-25,-25.0,100.0,-24.0,False
ashe,dva,-75,,-75,-75.0,50.0,,False
ashe,echo,41,,41,50.0,50.0,,False
ashe,freja,4,,4,0.0,-50.0,,False
ashe,genji,-56,,-56,-75.0,0.0,-9.0,True
ashe,hanzo,-44,,-44,-50.0,50.0,-24.0,False
ashe,hazard,-50,,-50,-50.0,-50.0,,False
ashe,illari,-35,,-35,-50.0,0.0,,False
ashe,jetpack-cat,69,,69,75.0,0.0,49.0,False
ashe,junker-queen,50,,50,50.0,0.0,,False
ashe,junkrat,44,,44,50.0,100.0,24.0,False
ashe,juno,62,,62,75.0,50.0,23.0,False
ashe,kiriko,-43,,-43,-50.0,0.0,-22.0,False
ashe,lifeweaver,-7,,-7,0.0,0.0,-29.0,False
ashe,lucio,-50,,-50,-50.0,-50.0,,False
ashe,mauga,25,,25,25.0,50.0,,False
ashe,mei,50,,50,50.0,0.0,,False
ashe,mercy,42,,42,75.0,-50.0,-13.0,True
ashe,moira,-25,,-25,-25.0,-50.0,,False
ashe,orisa,0,,0,0.0,0.0,,False
ashe,pharah,48,,48,50.0,50.0,42.0,False
ashe,ramattra,6,,6,0.0,50.0,23.0,False
ashe,reaper,-18,,-18,-25.0,-50.0,,False
ashe,reinhardt,-25,,-25,-25.0,0.0,,False
ashe,roadhog,50,,50,50.0,0.0,,False
ashe,shion,25,,25,25.0,0.0,,False
ashe,sierra,50,,50,50.0,50.0,,False
ashe,sigma,-25,,-25,-25.0,0.0,,False
ashe,sojourn,0,,0,0.0,-50.0,,False
ashe,soldier-76,-2,,-2,0.0,0.0,-9.0,False
ashe,sombra,-56,,-56,-75.0,0.0,-9.0,True
ashe,symmetra,6,,6,0.0,0.0,,False
ashe,torbjorn,42,,42,50.0,50.0,,False
ashe,tracer,-50,,-50,-50.0,50.0,,False
ashe,vendetta,-59,,-59,-75.0,0.0,-13.0,True
ashe,venture,-59,,-59,-75.0,-100.0,-13.0,True
ashe,widowmaker,-66,,-66,-75.0,50.0,-38.0,False
ashe,winston,-71,,-71,-100.0,0.0,-22.0,True
ashe,wrecking-ball,-43,,-43,-50.0,50.0,-22.0,False
ashe,wuyang,0,,0,0.0,50.0,,False
ashe,zarya,50,,50,50.0,0.0,,False
ashe,zenyatta,18,,18,25.0,-50.0,-4.0,False
baptiste,ana,25,,25,25.0,-50.0,,False
baptiste,anran,29,,29,50.0,50.0,-24.0,True
baptiste,ashe,-1,,-1,0.0,-100.0,-4.0,False
baptiste,bastion,50,,50,50.0,50.0,,False
baptiste,brigitte,17,,17,25.0,50.0,-9.0,False
baptiste,cassidy,-25,,-25,-25.0,-50.0,,False
baptiste,dmon,50,,50,50.0,0.0,,False
baptiste,doomfist,7,,7,0.0,0.0,28.0,False
baptiste,dva,25,,25,25.0,-50.0,,False
baptiste,echo,61,,61,75.0,-50.0,,False
baptiste,emre,-9,,-9,,-50.0,-9.0,False
baptiste,freja,-25,,-25,-25.0,-100.0,,False
baptiste,genji,-3,,-3,0.0,0.0,-13.0,False
baptiste,hanzo,-50,,-50,-50.0,-50.0,,False
baptiste,hazard,0,,0,0.0,50.0,,False
baptiste,illari,14,,14,25.0,-100.0,-20.0,False
baptiste,jetpack-cat,45,,45,50.0,0.0,,False
baptiste,junker-queen,25,,25,25.0,100.0,,False
baptiste,junkrat,44,,44,50.0,0.0,,False
baptiste,juno,25,,25,25.0,-50.0,,False
baptiste,kiriko,-1,,-1,0.0,0.0,-4.0,False
baptiste,lifeweaver,0,,0,0.0,100.0,,False
baptiste,lucio,17,,17,25.0,50.0,-9.0,False
baptiste,mauga,-25,,-25,-25.0,-50.0,,False
baptiste,mei,16,,16,25.0,-100.0,-13.0,False
baptiste,mercy,40,,40,50.0,0.0,,False
baptiste,mizuki,0,-25.0,-25,,,,False
baptiste,moira,0,30.0,30,0.0,100.0,,False
baptiste,orisa,25,,25,25.0,0.0,,False
baptiste,pharah,48,,48,50.0,0.0,40.0,False
baptiste,ramattra,0,,0,0.0,-50.0,,False
baptiste,reaper,0,20.0,20,0.0,0.0,,False
baptiste,reinhardt,9,,9,0.0,50.0,37.0,False
baptiste,roadhog,33,,33,25.0,100.0,58.0,False
baptiste,shion,-4,,-4,0.0,-50.0,-14.0,False
baptiste,sierra,25,,25,25.0,-50.0,,False
baptiste,sigma,0,-20.0,-20,0.0,0.0,,False
baptiste,sojourn,-23,,-23,-25.0,-50.0,-18.0,False
baptiste,soldier-76,17,,17,25.0,0.0,-9.0,False
baptiste,sombra,-12,,-12,-25.0,50.0,,False
baptiste,symmetra,-3,,-3,0.0,-50.0,-13.0,False
baptiste,torbjorn,22,,22,25.0,50.0,,False
baptiste,tracer,25,,25,25.0,-100.0,,False
baptiste,vendetta,-2,,-2,0.0,100.0,-9.0,False
baptiste,venture,17,,17,25.0,0.0,-9.0,False
baptiste,widowmaker,-50,,-50,-50.0,50.0,,False
baptiste,winston,25,,25,25.0,50.0,,False
baptiste,wrecking-ball,-10,,-10,-25.0,-50.0,35.0,False
baptiste,wuyang,-1,,-1,0.0,0.0,-4.0,False
baptiste,zarya,5,,5,0.0,0.0,,False
baptiste,zenyatta,7,,7,0.0,50.0,,False
bastion,ana,-42,,-42,-50.0,0.0,-18.0,False
bastion,anran,-26,,-26,,0.0,-26.0,False
bastion,ashe,-41,,-41,-50.0,0.0,-13.0,False
bastion,baptiste,-50,,-50,-50.0,0.0,,False
bastion,brigitte,59,,59,75.0,50.0,,True
bastion,cassidy,2,,2,0.0,0.0,,False
bastion,dmon,43,,43,50.0,0.0,,False
bastion,domina,41,,41,50.0,-100.0,,False
bastion,doomfist,-75,,-75,-75.0,50.0,,False
bastion,dva,0,,0,0.0,0.0,,False
bastion,echo,-35,,-35,-50.0,0.0,,False
bastion,emre,-18,,-18,-25.0,0.0,,False
bastion,freja,-40,,-40,-50.0,-50.0,-9.0,False
bastion,genji,-45,,-45,-50.0,0.0,-30.0,False
bastion,hanzo,-62,,-62,-75.0,0.0,-21.0,False
bastion,hazard,25,,25,25.0,-50.0,24.0,False
bastion,illari,-25,,-25,-25.0,0.0,-25.0,False
bastion,jetpack-cat,56,,56,75.0,0.0,,True
bastion,junker-queen,-3,,-3,0.0,-50.0,-13.0,False
bastion,junkrat,-16,,-16,-25.0,100.0,,False
bastion,juno,-1,,-1,0.0,0.0,-4.0,False
bastion,kiriko,-23,,-23,-25.0,0.0,-17.0,False
bastion,lifeweaver,17,,17,25.0,0.0,-9.0,False
bastion,lucio,-2,,-2,0.0,-50.0,-9.0,False
bastion,mauga,2,,2,0.0,-50.0,,False
bastion,mei,25,,25,25.0,0.0,,False
bastion,mercy,33,,33,50.0,0.0,-13.0,True
bastion,mizuki,-9,,-9,,-50.0,-9.0,False
bastion,moira,22,,22,25.0,50.0,,False
bastion,orisa,-15,,-15,-25.0,0.0,,False
bastion,pharah,43,,43,50.0,50.0,,False
bastion,ramattra,-15,,-15,-25.0,0.0,,False
bastion,reaper,-56,,-56,-75.0,0.0,-9.0,True
bastion,reinhardt,43,,43,50.0,0.0,23.0,False
bastion,roadhog,29,,29,25.0,0.0,42.0,False
bastion,shion,17,,17,25.0,0.0,-9.0,False
bastion,sierra,-23,,-23,-25.0,-50.0,-17.0,False
bastion,sigma,-75,,-75,-75.0,50.0,,False
bastion,sojourn,-59,,-59,-75.0,50.0,-13.0,True
bastion,soldier-76,-22,,-22,-25.0,0.0,-13.0,False
bastion,sombra,-5,,-5,0.0,0.0,-19.0,False
bastion,symmetra,25,,25,25.0,0.0,,False
bastion,torbjorn,-17,,-17,-25.0,-50.0,,False
bastion,tracer,-63,,-63,-75.0,50.0,-28.0,False
bastion,vendetta,25,,25,25.0,0.0,,False
bastion,venture,-25,,-25,-25.0,-100.0,,False
bastion,widowmaker,-42,,-42,-50.0,100.0,-17.0,False
bastion,winston,88,,88,100.0,-50.0,50.0,False
bastion,wrecking-ball,25,,25,25.0,50.0,23.0,False
bastion,wuyang,-56,,-56,-75.0,-100.0,-9.0,True
bastion,zarya,75,,75,75.0,50.0,,False
bastion,zenyatta,-25,,-25,-25.0,0.0,,False
brigitte,ana,-17,,-17,-25.0,0.0,,False
brigitte,anran,43,,43,50.0,0.0,,False
brigitte,ashe,-50,,-50,-50.0,0.0,,False
brigitte,baptiste,-17,,-17,-25.0,0.0,,False
brigitte,bastion,-59,,-59,-75.0,50.0,-13.0,True
brigitte,cassidy,-16,,-16,-25.0,0.0,,False
brigitte,dmon,-46,,-46,-50.0,0.0,-33.0,False
brigitte,doomfist,50,,50,50.0,-50.0,,False
brigitte,dva,49,,49,50.0,-50.0,45.0,False
brigitte,echo,-56,,-56,-75.0,50.0,-9.0,True
brigitte,emre,-9,,-9,,-50.0,-9.0,False
brigitte,freja,-42,,-42,-50.0,50.0,-17.0,False
brigitte,genji,40,,40,50.0,0.0,,False
brigitte,hanzo,0,,0,0.0,-100.0,,False
brigitte,hazard,25,,25,25.0,0.0,,False
brigitte,illari,-17,,-17,-25.0,100.0,,False
brigitte,jetpack-cat,-75,,-75,-75.0,50.0,,False
brigitte,junker-queen,0,-25.0,-25,0.0,-50.0,,False
brigitte,junkrat,-44,,-44,-50.0,-100.0,-27.0,False
brigitte,juno,-1,,-1,0.0,50.0,-4.0,False
brigitte,kiriko,3,,3,0.0,-50.0,,False
brigitte,lifeweaver,1,,1,0.0,100.0,,False
brigitte,lucio,-18,,-18,-25.0,-100.0,,False
brigitte,mauga,-31,,-31,-50.0,50.0,,True
brigitte,mei,0,,0,0.0,0.0,,False
brigitte,mercy,0,20.0,20,0.0,50.0,,False
brigitte,mizuki,0,20.0,20,,,,False
brigitte,moira,-25,,-25,-25.0,-50.0,,False
brigitte,orisa,-14,,-14,-25.0,50.0,,False
brigitte,pharah,-82,,-82,-100.0,50.0,-36.0,True
brigitte,ramattra,-66,,-66,-75.0,0.0,-38.0,False
brigitte,reaper,-12,,-12,-25.0,0.0,29.0,False
brigitte,reinhardt,-62,,-62,-75.0,0.0,-22.0,False
brigitte,roadhog,-11,,-11,-25.0,0.0,32.0,False
brigitte,shion,56,,56,75.0,-50.0,,True
brigitte,sierra,22,,22,25.0,0.0,,False
brigitte,sigma,45,,45,50.0,50.0,,False
brigitte,sojourn,-25,,-25,-25.0,0.0,,False
brigitte,soldier-76,4,,4,0.0,0.0,,False
brigitte,sombra,47,,47,50.0,50.0,38.0,False
brigitte,symmetra,-45,,-45,-75.0,-50.0,,True
brigitte,torbjorn,-42,,-42,-50.0,-50.0,-17.0,False
brigitte,tracer,75,,75,75.0,-50.0,,False
brigitte,vendetta,0,,0,0.0,-100.0,,False
brigitte,venture,21,,21,25.0,-50.0,,False
brigitte,widowmaker,-50,,-50,-50.0,50.0,,False
brigitte,winston,29,,29,50.0,-50.0,-23.0,True
brigitte,wrecking-ball,25,,25,25.0,0.0,,False
brigitte,wuyang,-40,,-40,-50.0,-100.0,-9.0,False
brigitte,zarya,27,,27,25.0,-100.0,32.0,False
brigitte,zenyatta,-25,,-25,-25.0,0.0,,False
cassidy,ana,-2,,-2,0.0,0.0,-9.0,False
cassidy,anran,50,,50,50.0,-50.0,,False
cassidy,ashe,-50,,-50,-50.0,0.0,,False
cassidy,baptiste,25,,25,25.0,50.0,,False
cassidy,bastion,-2,,-2,0.0,0.0,-9.0,False
cassidy,brigitte,16,,16,25.0,0.0,-13.0,False
cassidy,dmon,-44,,-44,-50.0,0.0,-26.0,False
cassidy,domina,-15,,-15,,0.0,-15.0,False
cassidy,doomfist,35,,35,50.0,0.0,-9.0,False
cassidy,dva,-25,,-25,-25.0,0.0,,False
cassidy,echo,41,,41,50.0,50.0,,False
cassidy,freja,-42,,-42,-75.0,-50.0,,True
cassidy,genji,18,,18,25.0,0.0,-4.0,False
cassidy,hanzo,-42,,-42,-50.0,50.0,-19.0,False
cassidy,hazard,-2,,-2,0.0,0.0,-9.0,False
cassidy,illari,0,,0,0.0,-50.0,,False
cassidy,jetpack-cat,68,,68,75.0,0.0,46.0,False
cassidy,junker-queen,-40,,-40,-50.0,-50.0,-9.0,False
cassidy,junkrat,39,,39,50.0,0.0,,False
cassidy,juno,42,,42,50.0,0.0,18.0,False
cassidy,kiriko,0,,0,0.0,0.0,,False
cassidy,lifeweaver,16,,16,25.0,-50.0,-13.0,False
cassidy,lucio,50,,50,50.0,-50.0,,False
cassidy,mauga,-22,,-22,-25.0,0.0,-13.0,False
cassidy,mei,25,,25,25.0,50.0,,False
cassidy,mercy,75,,75,75.0,0.0,,False
cassidy,moira,43,,43,50.0,0.0,20.0,False
cassidy,orisa,-22,,-22,-25.0,-50.0,-13.0,False
cassidy,pharah,65,,65,75.0,0.0,34.0,False
cassidy,ramattra,-25,,-25,-25.0,0.0,,False
cassidy,reaper,41,,41,50.0,0.0,,False
cassidy,reinhardt,0,,0,0.0,0.0,,False
cassidy,roadhog,-41,,-41,-50.0,50.0,-13.0,False
cassidy,shion,50,,50,50.0,0.0,,False
cassidy,sierra,39,,39,50.0,-50.0,,False
cassidy,sigma,-41,,-41,-50.0,0.0,-13.0,False
cassidy,sojourn,-21,,-21,-25.0,0.0,-9.0,False
cassidy,soldier-76,18,,18,25.0,-50.0,-4.0,False
cassidy,sombra,59,,59,75.0,-50.0,,True
cassidy,symmetra,41,,41,50.0,50.0,,False
cassidy,torbjorn,0,,0,0.0,-50.0,,False
cassidy,tracer,64,,64,75.0,-50.0,32.0,False
cassidy,vendetta,40,,40,50.0,50.0,,False
cassidy,venture,41,,41,50.0,-50.0,,False
cassidy,widowmaker,-44,,-44,-50.0,0.0,-27.0,False
cassidy,winston,50,,50,50.0,0.0,,False
cassidy,wrecking-ball,50,,50,50.0,-50.0,,False
cassidy,wuyang,-43,,-43,-50.0,0.0,-20.0,False
cassidy,zarya,15,,15,25.0,-50.0,-14.0,False
cassidy,zenyatta,18,,18,25.0,-50.0,-4.0,False
dmon,ana,56,,56,75.0,0.0,,True
dmon,anran,10,,10,0.0,0.0,38.0,False
dmon,ashe,0,,0,0.0,0.0,,False
dmon,baptiste,-50,,-50,-50.0,0.0,,False
dmon,bastion,-43,,-43,-50.0,0.0,-22.0,False
dmon,brigitte,46,,46,50.0,0.0,33.0,False
dmon,cassidy,44,,44,50.0,0.0,,False
dmon,domina,44,,44,50.0,0.0,,False
dmon,doomfist,-25,,-25,-25.0,0.0,,False
dmon,dva,-15,,-15,0.0,0.0,-60.0,False
dmon,echo,-31,,-31,-50.0,0.0,,True
dmon,emre,25,,25,25.0,0.0,,False
dmon,freja,-4,,-4,0.0,0.0,-17.0,False
dmon,genji,7,,7,0.0,0.0,,False
dmon,hanzo,0,,0,0.0,0.0,,False
dmon,hazard,-25,,-25,-25.0,0.0,,False
dmon,illari,-3,,-3,25.0,0.0,-100.0,True
dmon,jetpack-cat,-44,,-44,-50.0,0.0,-25.0,False
dmon,junker-queen,0,,0,0.0,0.0,,False
dmon,junkrat,-25,,-25,-25.0,0.0,,False
dmon,juno,20,,20,25.0,0.0,,False
dmon,kiriko,26,,26,25.0,0.0,29.0,False
dmon,lifeweaver,-27,,-27,-50.0,0.0,,True
dmon,lucio,-12,,-12,-25.0,0.0,,False
dmon,mauga,-28,,-28,-25.0,0.0,-38.0,False
dmon,mei,-38,,-38,-75.0,0.0,,True
dmon,mercy,49,,49,50.0,0.0,47.0,False
dmon,mizuki,3,,3,0.0,0.0,,False
dmon,moira,23,,23,25.0,0.0,,False
dmon,orisa,-20,,-20,-25.0,0.0,-4.0,False
dmon,pharah,-41,,-41,-50.0,0.0,-13.0,False
dmon,ramattra,-61,,-61,-75.0,0.0,-17.0,False
dmon,reaper,-50,,-50,-50.0,0.0,,False
dmon,reinhardt,-50,,-50,-50.0,0.0,,False
dmon,roadhog,-21,,-21,-25.0,0.0,-9.0,False
dmon,shion,43,,43,50.0,0.0,,False
dmon,sierra,5,,5,0.0,0.0,,False
dmon,sigma,75,,75,75.0,0.0,,False
dmon,sojourn,25,,25,25.0,0.0,,False
dmon,soldier-76,24,,24,25.0,0.0,,False
dmon,sombra,44,,44,50.0,0.0,,False
dmon,symmetra,-27,,-27,-50.0,0.0,,True
dmon,torbjorn,-81,,-81,-75.0,0.0,-100.0,False
dmon,tracer,0,,0,0.0,0.0,,False
dmon,vendetta,6,,6,0.0,0.0,,False
dmon,venture,7,,7,0.0,0.0,,False
dmon,widowmaker,26,,26,25.0,0.0,29.0,False
dmon,winston,-11,,-11,-25.0,0.0,,False
dmon,wrecking-ball,0,,0,0.0,0.0,,False
dmon,wuyang,22,,22,25.0,0.0,,False
dmon,zarya,75,,75,75.0,0.0,,False
dmon,zenyatta,15,,15,25.0,0.0,-17.0,False
domina,ana,-34,,-34,,0.0,-34.0,False
domina,anran,9,,9,,,,False
domina,ashe,-50,,-50,-50.0,0.0,,False
domina,bastion,-41,,-41,-50.0,100.0,-13.0,False
domina,cassidy,15,,15,,,,False
domina,dmon,-44,,-44,-50.0,0.0,-26.0,False
domina,doomfist,31,,31,,50.0,31.0,False
domina,dva,-25,,-25,-25.0,0.0,,False
domina,echo,4,,4,,,,False
domina,emre,4,,4,,,,False
domina,freja,9,,9,,,,False
domina,genji,22,,22,,,,False
domina,hanzo,9,,9,,,,False
domina,hazard,23,,23,,0.0,23.0,False
domina,illari,14,,14,,,,False
domina,jetpack-cat,48,,48,75.0,0.0,-4.0,True
domina,junker-queen,-21,,-21,-25.0,0.0,-9.0,False
domina,junkrat,13,,13,,,,False
domina,juno,-13,,-13,,0.0,-13.0,False
domina,kiriko,-17,,-17,,0.0,-17.0,False
domina,lifeweaver,-29,,-29,,0.0,-29.0,False
domina,lucio,-33,,-33,-50.0,0.0,,True
domina,mauga,-22,,-22,-25.0,50.0,-13.0,False
domina,mei,-50,,-50,-50.0,-50.0,,False
domina,mercy,27,,27,50.0,0.0,-26.0,True
domina,mizuki,-30,,-30,,-50.0,-30.0,False
domina,pharah,41,,41,50.0,100.0,,False
domina,ramattra,-59,,-59,-75.0,0.0,-13.0,True
domina,reaper,-42,,-42,-50.0,-50.0,-17.0,False
domina,reinhardt,-43,,-43,-50.0,50.0,-22.0,False
domina,roadhog,-4,,-4,,0.0,-4.0,False
domina,shion,0,,0,0.0,0.0,,False
domina,sierra,15,,15,25.0,0.0,-17.0,False
domina,sigma,-9,,-9,,0.0,-9.0,False
domina,sojourn,-75,,-75,-75.0,-50.0,,False
domina,sombra,4,,4,,,,False
domina,symmetra,-66,,-66,-75.0,-50.0,-40.0,False
domina,torbjorn,41,,41,50.0,-100.0,,False
domina,tracer,-50,,-50,-50.0,-50.0,,False
domina,vendetta,-50,,-50,-50.0,0.0,,False
domina,venture,13,,13,,,,False
domina,widowmaker,-29,,-29,-50.0,50.0,22.0,True
domina,winston,-31,,-31,-75.0,0.0,34.0,True
domina,wrecking-ball,47,,47,,50.0,47.0,False
domina,wuyang,-17,,-17,,0.0,-17.0,False
domina,zarya,-50,,-50,-50.0,100.0,,False
domina,zenyatta,-28,,-28,,-50.0,-28.0,False
doomfist,ana,-31,,-31,-50.0,50.0,,True
doomfist,anran,-31,,-31,-50.0,100.0,,True
doomfist,ashe,25,,25,25.0,0.0,,False
doomfist,baptiste,-10,,-10,0.0,50.0,-39.0,False
doomfist,bastion,75,,75,75.0,-100.0,,False
doomfist,brigitte,-50,,-50,-50.0,100.0,,False
doomfist,cassidy,-35,,-35,-50.0,0.0,,False
doomfist,dmon,25,,25,25.0,0.0,,False
doomfist,domina,-30,,-30,,50.0,-30.0,False
doomfist,dva,0,,0,0.0,0.0,,False
doomfist,echo,-61,,-61,-75.0,100.0,,False
doomfist,emre,4,,4,,,,False
doomfist,freja,0,,0,0.0,-100.0,,False
doomfist,genji,7,,7,0.0,0.0,29.0,False
doomfist,hanzo,25,,25,25.0,0.0,,False
doomfist,hazard,0,,0,0.0,0.0,,False
doomfist,illari,0,,0,0.0,0.0,,False
doomfist,jetpack-cat,-39,,-39,-50.0,-100.0,-4.0,False
doomfist,junker-queen,-27,,-27,-25.0,-100.0,-34.0,False
doomfist,junkrat,-50,,-50,-50.0,-50.0,,False
doomfist,juno,-40,,-40,-50.0,0.0,-9.0,False
doomfist,kiriko,6,,6,0.0,0.0,,False
doomfist,lifeweaver,-24,,-24,-50.0,-100.0,34.0,True
doomfist,lucio,-16,,-16,-25.0,-50.0,,False
doomfist,mauga,-54,,-54,-50.0,-100.0,-67.0,False
doomfist,mei,-35,,-35,-50.0,50.0,,False
doomfist,mercy,-13,,-13,-25.0,50.0,,False
doomfist,mizuki,-41,,-41,-50.0,0.0,-13.0,False
doomfist,moira,-27,,-27,-50.0,-50.0,,True
doomfist,orisa,-63,,-63,-75.0,0.0,-26.0,False
doomfist,pharah,-64,,-64,-75.0,0.0,-32.0,False
doomfist,ramattra,-23,,-23,-25.0,50.0,-17.0,False
doomfist,reaper,0,,0,0.0,-50.0,,False
doomfist,reinhardt,13,,13,25.0,50.0,-22.0,False
doomfist,roadhog,-66,,-66,-75.0,50.0,-37.0,False
doomfist,shion,3,,3,0.0,-100.0,,False
doomfist,sierra,-37,,-37,-50.0,0.0,,False
doomfist,sigma,-7,,-7,0.0,0.0,-26.0,False
doomfist,sojourn,3,,3,0.0,100.0,,False
doomfist,soldier-76,25,,25,25.0,50.0,,False
doomfist,sombra,-50,,-50,-50.0,50.0,,False
doomfist,symmetra,-25,,-25,-25.0,50.0,,False
doomfist,torbjorn,-45,,-45,-50.0,-50.0,-31.0,False
doomfist,tracer,-15,,-15,-25.0,-100.0,,False
doomfist,vendetta,7,,7,0.0,0.0,,False
doomfist,venture,9,,9,0.0,-100.0,34.0,False
doomfist,widowmaker,69,,69,75.0,0.0,49.0,False
doomfist,winston,9,,9,0.0,0.0,34.0,False
doomfist,wrecking-ball,-25,,-25,-25.0,0.0,,False
doomfist,wuyang,-31,,-31,-50.0,50.0,,True
doomfist,zarya,-26,,-26,-25.0,0.0,-30.0,False
doomfist,zenyatta,42,,42,75.0,-100.0,-13.0,True
dva,ana,42,,42,75.0,0.0,-13.0,True
dva,ashe,75,,75,75.0,0.0,,False
dva,baptiste,-25,,-25,-25.0,-50.0,,False
dva,bastion,0,,0,0.0,50.0,,False
dva,brigitte,-49,,-49,-50.0,50.0,-45.0,False
dva,cassidy,25,,25,25.0,50.0,,False
dva,dmon,15,,15,0.0,0.0,60.0,False
dva,domina,25,,25,25.0,0.0,,False
dva,doomfist,0,,0,0.0,50.0,,False
dva,echo,50,,50,50.0,50.0,,False
dva,emre,31,,31,50.0,50.0,-17.0,True
dva,freja,63,,63,75.0,-50.0,25.0,False
dva,genji,-1,,-1,0.0,0.0,-4.0,False
dva,hanzo,75,,75,75.0,0.0,,False
dva,hazard,25,,25,25.0,50.0,,False
dva,illari,50,,50,50.0,-50.0,,False
dva,jetpack-cat,44,,44,50.0,50.0,,False
dva,junker-queen,-41,,-41,-50.0,-50.0,-13.0,False
dva,junkrat,56,,56,75.0,50.0,,True
dva,juno,42,,42,50.0,0.0,,False
dva,kiriko,35,,35,50.0,0.0,-9.0,False
dva,lifeweaver,29,,29,25.0,50.0,42.0,False
dva,lucio,-8,,-8,0.0,-50.0,-30.0,False
dva,mauga,-2,,-2,0.0,-50.0,-9.0,False
dva,mei,-42,,-42,-50.0,-50.0,-17.0,False
dva,mercy,43,,43,50.0,0.0,,False
dva,mizuki,-40,,-40,-50.0,50.0,-9.0,False
dva,moira,-3,,-3,0.0,50.0,-13.0,False
dva,orisa,0,,0,0.0,100.0,,False
dva,pharah,62,,62,75.0,100.0,,False
dva,ramattra,-7,,-7,0.0,50.0,-29.0,False
dva,reaper,-4,,-4,0.0,0.0,-17.0,False
dva,reinhardt,13,,13,25.0,0.0,-22.0,False
dva,roadhog,-50,,-50,-50.0,0.0,,False
dva,shion,39,,39,25.0,100.0,79.0,False
dva,sierra,75,,75,75.0,0.0,,False
dva,sigma,13,,13,25.0,50.0,-23.0,False
dva,sojourn,50,,50,50.0,0.0,,False
dva,soldier-76,75,,75,75.0,0.0,,False
dva,sombra,50,,50,50.0,-50.0,,False
dva,symmetra,-45,,-45,-50.0,50.0,-28.0,False
dva,torbjorn,-25,,-25,-25.0,50.0,,False
dva,tracer,0,,0,0.0,-50.0,,False
dva,vendetta,-25,,-25,-25.0,50.0,,False
dva,venture,-2,,-2,0.0,0.0,-9.0,False
dva,widowmaker,66,,66,100.0,-50.0,,True
dva,winston,23,,23,25.0,50.0,,False
dva,wrecking-ball,8,,8,0.0,0.0,30.0,False
dva,wuyang,18,,18,25.0,50.0,-4.0,False
dva,zarya,-59,,-59,-75.0,0.0,-13.0,True
dva,zenyatta,38,,38,75.0,-50.0,-22.0,True
echo,ana,18,,18,25.0,-50.0,-4.0,False
echo,anran,18,,18,25.0,0.0,-4.0,False
echo,ashe,-41,,-41,-50.0,50.0,-13.0,False
echo,baptiste,-61,,-61,-75.0,50.0,-17.0,False
echo,bastion,35,,35,50.0,100.0,-9.0,False
echo,brigitte,56,,56,75.0,0.0,,True
echo,cassidy,-41,,-41,-50.0,-50.0,-13.0,False
echo,dmon,31,,31,50.0,0.0,-19.0,True
echo,domina,-4,,-4,,0.0,-4.0,False
echo,doomfist,61,,61,75.0,-100.0,19.0,False
echo,dva,-50,,-50,-50.0,0.0,,False
echo,emre,-56,,-56,-75.0,0.0,-9.0,True
echo,freja,-1,,-1,0.0,-50.0,-4.0,False
echo,genji,3,,3,0.0,-100.0,,False
echo,hanzo,75,,75,75.0,0.0,,False
echo,hazard,75,,75,75.0,50.0,,False
echo,illari,25,,25,25.0,0.0,,False
echo,jetpack-cat,4,,4,,,,False
echo,junker-queen,50,,50,50.0,50.0,,False
echo,junkrat,23,,23,25.0,50.0,,False
echo,juno,-41,,-41,-50.0,-50.0,-13.0,False
echo,kiriko,-2,,-2,0.0,0.0,-9.0,False
echo,lifeweaver,0,,0,0.0,0.0,,False
echo,lucio,-25,,-25,-25.0,100.0,,False
echo,mauga,25,,25,25.0,-50.0,,False
echo,mei,35,,35,50.0,-50.0,-9.0,False
echo,mercy,0,,0,0.0,-50.0,,False
echo,mizuki,50,,50,50.0,0.0,,False
echo,moira,-42,,-42,-50.0,0.0,-18.0,False
echo,orisa,25,,25,25.0,0.0,,False
echo,pharah,48,,48,50.0,-50.0,43.0,False
echo,ramattra,7,,7,0.0,50.0,,False
echo,reaper,45,,45,75.0,-50.0,-9.0,True
echo,reinhardt,44,,44,50.0,-100.0,27.0,False
echo,roadhog,25,,25,25.0,0.0,,False
echo,shion,-42,,-42,-50.0,0.0,-19.0,False
echo,sierra,-2,,-2,0.0,-50.0,-9.0,False
echo,sigma,25,,25,25.0,0.0,26.0,False
echo,sojourn,-4,,-4,0.0,0.0,-17.0,False
echo,soldier-76,-61,,-61,-75.0,0.0,-17.0,False
echo,sombra,-22,,-22,-25.0,100.0,-13.0,False
echo,symmetra,-4,,-4,0.0,0.0,-17.0,False
echo,torbjorn,61,,61,75.0,50.0,19.0,False
echo,tracer,45,,45,75.0,-50.0,-9.0,True
echo,vendetta,40,,40,50.0,0.0,,False
echo,venture,75,,75,75.0,-50.0,,False
echo,widowmaker,-50,,-50,-50.0,50.0,,False
echo,winston,25,,25,25.0,0.0,,False
echo,wrecking-ball,50,,50,50.0,-50.0,,False
echo,wuyang,50,,50,50.0,-50.0,,False
echo,zarya,-40,,-40,-50.0,0.0,-9.0,False
echo,zenyatta,25,,25,25.0,-50.0,,False
emre,anran,-22,,-22,-25.0,-50.0,-12.0,False
emre,baptiste,9,,9,,,,False
emre,bastion,18,,18,25.0,50.0,-4.0,False
emre,brigitte,9,,9,,,,False
emre,dmon,-25,,-25,-25.0,0.0,,False
emre,domina,-4,,-4,,50.0,-4.0,False
emre,doomfist,-4,,-4,,50.0,-4.0,False
emre,dva,-31,,-31,-50.0,0.0,17.0,True
emre,echo,56,,56,75.0,50.0,,True
emre,freja,9,,9,,,,False
emre,genji,-20,,-20,-25.0,50.0,-4.0,False
emre,hanzo,-4,,-4,,0.0,-4.0,False
emre,illari,4,,4,,,,False
emre,jetpack-cat,43,,43,50.0,0.0,23.0,False
emre,junker-queen,-9,,-9,,-50.0,-9.0,False
emre,junkrat,60,,60,75.0,-50.0,15.0,False
emre,kiriko,-4,,-4,,0.0,-4.0,False
emre,lifeweaver,-22,,-22,,100.0,-22.0,False
emre,mauga,9,,9,,,,False
emre,mei,50,,50,50.0,-50.0,,False
emre,mercy,-25,,-25,,0.0,-25.0,False
emre,orisa,-4,,-4,,0.0,-4.0,False
emre,pharah,64,,64,75.0,-50.0,29.0,False
emre,shion,-21,,-21,-25.0,0.0,-9.0,False
emre,sierra,25,,25,25.0,0.0,,False
emre,sigma,-40,,-40,-50.0,50.0,-9.0,False
emre,soldier-76,-15,,-15,,0.0,-15.0,False
emre,symmetra,13,,13,,,,False
emre,torbjorn,38,,38,,50.0,38.0,False
emre,vendetta,-25,,-25,-25.0,0.0,,False
emre,venture,-25,,-25,-25.0,-50.0,,False
emre,widowmaker,-60,,-60,-75.0,0.0,-16.0,False
emre,winston,-40,,-40,-50.0,0.0,-9.0,False
emre,wrecking-ball,-50,,-50,-50.0,50.0,,False
emre,zarya,-13,,-13,,-100.0,-13.0,False
emre,zenyatta,9,,9,,,,False
freja,ana,53,,53,75.0,50.0,,True
freja,ashe,-4,,-4,0.0,-50.0,-16.0,False
freja,baptiste,25,,25,25.0,0.0,,False
freja,bastion,40,,40,50.0,-50.0,,False
freja,brigitte,42,,42,50.0,-50.0,18.0,False
freja,cassidy,42,,42,75.0,-50.0,-13.0,True
freja,dmon,4,,4,0.0,0.0,,False
freja,domina,-9,,-9,,0.0,-9.0,False
freja,doomfist,0,,0,0.0,50.0,,False
freja,dva,-63,,-63,-75.0,50.0,-25.0,False
freja,echo,1,,1,0.0,0.0,,False
freja,emre,-9,,-9,,50.0,-9.0,False
freja,genji,-20,,-20,-25.0,-50.0,-4.0,False
freja,hanzo,20,,20,25.0,-50.0,,False
freja,hazard,25,,25,25.0,50.0,,False
freja,illari,-44,,-44,-50.0,-100.0,-24.0,False
freja,jetpack-cat,9,,9,,,,False
freja,junker-queen,25,,25,25.0,0.0,,False
freja,junkrat,59,,59,75.0,0.0,,True
freja,juno,-23,,-23,-25.0,50.0,-16.0,False
freja,kiriko,-2,,-2,0.0,50.0,-9.0,False
freja,lifeweaver,16,,16,25.0,50.0,-13.0,False
freja,lucio,-50,,-50,-50.0,-50.0,,False
freja,mauga,24,,24,25.0,-50.0,22.0,False
freja,mei,41,,41,50.0,0.0,,False
freja,mercy,-3,,-3,0.0,-50.0,-13.0,False
freja,moira,-22,,-22,-25.0,-50.0,-13.0,False
freja,orisa,0,,0,0.0,50.0,,False
freja,pharah,26,,26,25.0,0.0,28.0,False
freja,ramattra,23,,23,25.0,50.0,15.0,False
freja,reaper,35,,35,50.0,-50.0,-9.0,False
freja,reinhardt,25,,25,25.0,0.0,26.0,False
freja,roadhog,50,,50,50.0,0.0,,False
freja,shion,-21,,-21,-25.0,50.0,-9.0,False
freja,sierra,1,,1,0.0,0.0,,False
freja,sigma,-21,,-21,-25.0,0.0,-9.0,False
freja,sojourn,21,,21,25.0,100.0,,False
freja,soldier-76,15,,15,25.0,50.0,-17.0,False
freja,sombra,-24,,-24,-25.0,50.0,-22.0,False
freja,symmetra,41,,41,50.0,0.0,,False
freja,torbjorn,39,,39,50.0,-50.0,,False
freja,tracer,25,,25,25.0,0.0,,False
freja,vendetta,0,,0,0.0,50.0,,False
freja,venture,40,,40,50.0,0.0,,False
freja,widowmaker,0,,0,0.0,0.0,,False
freja,winston,-50,,-50,-50.0,-50.0,,False
freja,wrecking-ball,17,,17,25.0,0.0,-9.0,False
freja,wuyang,0,,0,0.0,50.0,,False
freja,zarya,-41,,-41,-50.0,50.0,-13.0,False
freja,zenyatta,41,,41,50.0,100.0,,False
genji,ana,61,,61,75.0,50.0,,False
genji,anran,-46,,-46,-50.0,0.0,-34.0,False
genji,ashe,56,,56,75.0,-50.0,,True
genji,baptiste,3,,3,0.0,0.0,,False
genji,bastion,45,,45,50.0,0.0,30.0,False
genji,brigitte,-40,,-40,-50.0,50.0,-9.0,False
genji,cassidy,-18,,-18,-25.0,0.0,,False
genji,dmon,-7,,-7,0.0,0.0,-29.0,False
genji,domina,-22,,-22,,50.0,-22.0,False
genji,doomfist,-8,,-8,0.0,-50.0,-30.0,False
genji,dva,1,,1,0.0,-50.0,,False
genji,echo,-3,,-3,0.0,50.0,-13.0,False
genji,emre,20,,20,25.0,0.0,,False
genji,freja,20,,20,25.0,0.0,,False
genji,hanzo,62,,62,75.0,0.0,23.0,False
genji,hazard,-8,,-8,0.0,-100.0,-32.0,False
genji,illari,-25,,-25,-25.0,0.0,,False
genji,jetpack-cat,-17,,-17,,50.0,-17.0,False
genji,junker-queen,-2,,-2,0.0,50.0,-9.0,False
genji,junkrat,18,,18,25.0,-50.0,-4.0,False
genji,juno,-25,,-25,-25.0,-50.0,,False
genji,kiriko,7,,7,0.0,0.0,27.0,False
genji,lifeweaver,44,,44,50.0,0.0,26.0,False
genji,lucio,-50,,-50,-50.0,-50.0,,False
genji,mauga,0,,0,0.0,-50.0,,False
genji,mei,-60,,-60,-100.0,0.0,-9.0,True
genji,mercy,-17,,-17,-25.0,0.0,,False
genji,mizuki,22,,22,,,,False
genji,moira,-86,,-86,-100.0,50.0,-44.0,False
genji,orisa,-25,,-25,-25.0,0.0,,False
genji,pharah,-75,,-75,-75.0,-50.0,,False
genji,ramattra,-2,,-2,0.0,0.0,-9.0,False
genji,reaper,5,,5,0.0,-50.0,,False
genji,reinhardt,-25,,-25,-25.0,50.0,,False
genji,roadhog,-3,,-3,0.0,50.0,-13.0,False
genji,shion,0,,0,0.0,0.0,,False
genji,sierra,25,,25,25.0,0.0,26.0,False
genji,sigma,33,,33,50.0,0.0,-13.0,True
genji,sojourn,41,,41,50.0,0.0,,False
genji,soldier-76,43,,43,50.0,0.0,,False
genji,sombra,2,,2,0.0,0.0,,False
genji,symmetra,-100,,-100,-100.0,100.0,,False
genji,torbjorn,-31,,-31,-50.0,50.0,,True
genji,tracer,0,,0,0.0,0.0,,False
genji,vendetta,0,,0,0.0,0.0,,False
genji,venture,-2,,-2,0.0,100.0,-9.0,False
genji,widowmaker,60,,60,100.0,50.0,,True
genji,winston,-68,,-68,-75.0,0.0,-47.0,False
genji,wrecking-ball,3,,3,25.0,-50.0,-59.0,True
genji,wuyang,-18,,-18,-25.0,50.0,,False
genji,zarya,-64,,-64,-75.0,-50.0,-30.0,False
genji,zenyatta,43,,43,50.0,-50.0,,False
hanzo,ana,37,,37,50.0,-50.0,-4.0,False
hanzo,ashe,44,,44,50.0,0.0,24.0,False
hanzo,baptiste,50,,50,50.0,0.0,,False
hanzo,bastion,62,,62,75.0,-50.0,21.0,False
hanzo,brigitte,0,,0,0.0,100.0,,False
hanzo,cassidy,42,,42,50.0,0.0,19.0,False
hanzo,dmon,0,,0,0.0,0.0,,False
hanzo,domina,-9,,-9,,-50.0,-9.0,False
hanzo,doomfist,-25,,-25,-25.0,0.0,-26.0,False
hanzo,dva,-75,,-75,-75.0,0.0,,False
hanzo,echo,-75,,-75,-75.0,50.0,,False
hanzo,emre,4,,4,,,,False
hanzo,freja,-20,,-20,-25.0,0.0,-4.0,False
hanzo,genji,-62,,-62,-75.0,0.0,-23.0,False
hanzo,hazard,-59,,-59,-75.0,-50.0,-13.0,True
hanzo,illari,50,,50,50.0,0.0,,False
hanzo,jetpack-cat,-4,,-4,,50.0,-4.0,False
hanzo,junker-queen,-22,,-22,-25.0,0.0,-13.0,False
hanzo,junkrat,4,,4,0.0,100.0,,False
hanzo,juno,-42,,-42,-50.0,0.0,-17.0,False
hanzo,kiriko,25,,25,25.0,0.0,,False
hanzo,lifeweaver,-4,,-4,0.0,-50.0,-17.0,False
hanzo,lucio,-53,,-53,-75.0,-50.0,-4.0,True
hanzo,mauga,41,,41,50.0,-50.0,,False
hanzo,mei,39,,39,50.0,100.0,,False
hanzo,mercy,-6,,-6,0.0,0.0,-22.0,False
hanzo,mizuki,18,,18,,,,False
hanzo,moira,2,,2,0.0,0.0,,False
hanzo,orisa,25,,25,25.0,50.0,,False
hanzo,pharah,-50,,-50,-50.0,50.0,,False
hanzo,ramattra,25,,25,25.0,-50.0,,False
hanzo,reaper,3,,3,0.0,50.0,,False
hanzo,reinhardt,-25,,-25,-25.0,-50.0,,False
hanzo,roadhog,50,,50,50.0,50.0,,False
hanzo,shion,-25,,-25,-25.0,-100.0,,False
hanzo,sierra,22,,22,25.0,0.0,,False
hanzo,sigma,-43,,-43,-50.0,-50.0,-22.0,False
hanzo,sojourn,21,,21,25.0,50.0,,False
hanzo,soldier-76,22,,22,25.0,0.0,,False
hanzo,sombra,0,,0,0.0,50.0,,False
hanzo,symmetra,40,,40,50.0,-50.0,,False
hanzo,torbjorn,43,,43,50.0,100.0,22.0,False
hanzo,tracer,-29,,-29,-50.0,50.0,23.0,True
hanzo,vendetta,-62,,-62,-75.0,50.0,-23.0,False
hanzo,venture,-24,,-24,-25.0,0.0,-22.0,False
hanzo,widowmaker,2,,2,0.0,0.0,,False
hanzo,winston,-59,,-59,-75.0,0.0,-13.0,True
hanzo,wrecking-ball,-62,,-62,-75.0,0.0,-24.0,False
hanzo,wuyang,-2,,-2,0.0,50.0,-9.0,False
hanzo,zarya,-26,,-26,-25.0,50.0,-28.0,False
hanzo,zenyatta,41,,41,50.0,0.0,,False
hazard,ana,-56,,-56,-75.0,-50.0,-9.0,True
hazard,anran,22,,22,,,,False
hazard,ashe,50,,50,50.0,50.0,,False
hazard,baptiste,0,,0,0.0,50.0,,False
hazard,bastion,-25,,-25,-25.0,50.0,-26.0,False
hazard,brigitte,-25,,-25,-25.0,-50.0,,False
hazard,cassidy,2,,2,0.0,0.0,,False
hazard,dmon,25,,25,25.0,0.0,,False
hazard,domina,-22,,-22,,50.0,-22.0,False
hazard,doomfist,0,,0,0.0,0.0,,False
hazard,dva,-25,,-25,-25.0,-100.0,,False
hazard,echo,-75,,-75,-75.0,0.0,,False
hazard,freja,-25,,-25,-25.0,0.0,,False
hazard,genji,8,,8,0.0,50.0,32.0,False
hazard,hanzo,59,,59,75.0,0.0,,True
hazard,illari,22,,22,25.0,-50.0,,False
hazard,jetpack-cat,22,,22,,,,False
hazard,junker-queen,17,,17,25.0,50.0,-9.0,False
hazard,junkrat,4,,4,0.0,0.0,,False
hazard,juno,22,,22,25.0,0.0,,False
hazard,kiriko,21,,21,25.0,0.0,,False
hazard,lifeweaver,23,,23,25.0,-50.0,,False
hazard,lucio,-12,,-12,-25.0,-50.0,26.0,False
hazard,mauga,-52,,-52,-50.0,-50.0,-56.0,False
hazard,mei,-25,,-25,-25.0,0.0,,False
hazard,mercy,-15,,-15,-25.0,0.0,,False
hazard,mizuki,-32,,-32,,-50.0,-32.0,False
hazard,moira,-18,,-18,-25.0,50.0,,False
hazard,orisa,-64,,-64,-75.0,100.0,-31.0,False
hazard,pharah,-56,,-56,-100.0,-50.0,-4.0,True
hazard,ramattra,-25,,-25,-25.0,100.0,-26.0,False
hazard,reaper,3,,3,0.0,-50.0,,False
hazard,reinhardt,-8,,-8,0.0,0.0,-32.0,False
hazard,roadhog,-61,,-61,-75.0,-50.0,-17.0,False
hazard,shion,39,,39,50.0,0.0,,False
hazard,sierra,-18,,-18,-25.0,50.0,,False
hazard,sigma,-46,,-46,-50.0,0.0,-34.0,False
hazard,sojourn,21,,21,25.0,50.0,,False
hazard,soldier-76,23,,23,25.0,0.0,,False
hazard,sombra,-25,,-25,-25.0,50.0,,False
hazard,symmetra,-25,,-25,-25.0,100.0,,False
hazard,torbjorn,-44,,-44,-50.0,0.0,-25.0,False
hazard,tracer,-13,,-13,-25.0,-50.0,,False
hazard,vendetta,6,,6,0.0,-50.0,,False
hazard,venture,6,,6,0.0,50.0,24.0,False
hazard,widowmaker,64,,64,75.0,50.0,29.0,False
hazard,winston,22,,22,25.0,0.0,,False
hazard,wrecking-ball,7,,7,0.0,0.0,29.0,False
hazard,wuyang,0,,0,0.0,0.0,,False
hazard,zarya,-35,,-35,-50.0,-100.0,,False
hazard,zenyatta,-45,,-45,-50.0,0.0,-29.0,False
illari,ana,1,,1,0.0,0.0,,False
illari,anran,-28,,-28,,50.0,-28.0,False
illari,ashe,35,,35,50.0,-50.0,-9.0,False
illari,baptiste,-14,,-14,-25.0,100.0,,False
illari,bastion,25,,25,25.0,0.0,,False
illari,brigitte,17,,17,25.0,50.0,-9.0,False
illari,cassidy,0,,0,0.0,0.0,,False
illari,dmon,3,,3,-25.0,0.0,100.0,True
illari,domina,-14,,-14,,100.0,-14.0,False
illari,doomfist,0,,0,0.0,0.0,,False
illari,dva,-50,,-50,-50.0,50.0,,False
illari,echo,-25,,-25,-25.0,50.0,,False
illari,emre,-4,,-4,,0.0,-4.0,False
illari,freja,44,,44,50.0,0.0,24.0,False
illari,genji,25,,25,25.0,-100.0,,False
illari,hanzo,-50,,-50,-50.0,0.0,,False
illari,hazard,-22,,-22,-25.0,-50.0,-13.0,False
illari,jetpack-cat,28,,28,,,,False
illari,junker-queen,6,,6,0.0,-50.0,,False
illari,junkrat,7,,7,0.0,100.0,,False
illari,juno,0,,0,0.0,0.0,,False
illari,kiriko,-2,,-2,0.0,0.0,-9.0,False
illari,lifeweaver,-2,,-2,0.0,50.0,-9.0,False
illari,lucio,-2,,-2,0.0,50.0,-9.0,False
illari,mauga,25,,25,25.0,50.0,,False
illari,mei,-2,,-2,0.0,0.0,-9.0,False
illari,mercy,50,,50,50.0,0.0,,False
illari,mizuki,0,-20.0,-20,,,,False
illari,moira,-2,,-2,0.0,50.0,-9.0,False
illari,orisa,15,,15,25.0,0.0,-15.0,False
illari,pharah,64,,64,75.0,-50.0,31.0,False
illari,ramattra,25,,25,25.0,0.0,,False
illari,reaper,50,,50,50.0,0.0,,False
illari,reinhardt,-25,,-25,-25.0,50.0,,False
illari,roadhog,26,,26,25.0,-50.0,29.0,False
illari,shion,-21,,-21,-50.0,0.0,,True
illari,sierra,0,,0,0.0,0.0,,False
illari,sigma,-21,,-21,-25.0,0.0,-9.0,False
illari,sojourn,-40,,-40,-50.0,50.0,-9.0,False
illari,soldier-76,25,,25,25.0,50.0,,False
illari,sombra,-40,,-40,-50.0,0.0,-9.0,False
illari,symmetra,-2,,-2,0.0,-50.0,-9.0,False
illari,torbjorn,26,,26,25.0,0.0,28.0,False
illari,tracer,50,,50,50.0,0.0,,False
illari,vendetta,0,,0,0.0,-50.0,,False
illari,venture,14,,14,25.0,-100.0,-20.0,False
illari,widowmaker,-50,,-50,-50.0,50.0,,False
illari,winston,-42,,-42,-50.0,0.0,-16.0,False
illari,wrecking-ball,25,,25,25.0,0.0,,False
illari,wuyang,-22,,-22,-25.0,-100.0,-13.0,False
illari,zarya,-2,,-2,0.0,50.0,-9.0,False
illari,zenyatta,0,25.0,25,0.0,-50.0,,False
jetpack-cat,anran,56,,56,75.0,-50.0,,True
jetpack-cat,ashe,-69,,-69,-75.0,0.0,-49.0,False
jetpack-cat,baptiste,-45,,-45,-50.0,0.0,-30.0,False
jetpack-cat,bastion,-56,,-56,-75.0,50.0,-9.0,True
jetpack-cat,brigitte,75,,75,75.0,-50.0,,False
jetpack-cat,cassidy,-68,,-68,-75.0,50.0,-46.0,False
jetpack-cat,dmon,44,,44,50.0,0.0,25.0,False
jetpack-cat,domina,-48,,-48,-75.0,50.0,,True
jetpack-cat,doomfist,39,,39,50.0,0.0,,False
jetpack-cat,dva,-44,,-44,-50.0,-50.0,-26.0,False
jetpack-cat,echo,-4,,-4,,-100.0,-4.0,False
jetpack-cat,emre,-43,,-43,-50.0,0.0,-23.0,False
jetpack-cat,freja,-9,,-9,,0.0,-9.0,False
jetpack-cat,genji,17,,17,,,,False
jetpack-cat,hanzo,4,,4,,,,False
jetpack-cat,hazard,-22,,-22,,-50.0,-22.0,False
jetpack-cat,illari,-28,,-28,,50.0,-28.0,False
jetpack-cat,junker-queen,40,,40,50.0,0.0,,False
jetpack-cat,junkrat,61,,61,75.0,50.0,,False
jetpack-cat,juno,-53,,-53,-75.0,0.0,-4.0,True
jetpack-cat,kiriko,9,,9,,,,False
jetpack-cat,lifeweaver,17,,17,,,,False
jetpack-cat,lucio,9,,9,,,,False
jetpack-cat,mauga,-100,,-100,-100.0,-100.0,,False
jetpack-cat,mei,43,,43,50.0,50.0,,False
jetpack-cat,mercy,9,,9,,,,False
jetpack-cat,mizuki,43,,43,50.0,0.0,,False
jetpack-cat,moira,-13,,-13,,0.0,-13.0,False
jetpack-cat,orisa,-13,,-13,,0.0,-13.0,False
jetpack-cat,pharah,47,,47,50.0,50.0,36.0,False
jetpack-cat,ramattra,4,,4,,,,False
jetpack-cat,reaper,50,,50,50.0,-50.0,,False
jetpack-cat,reinhardt,64,,64,75.0,50.0,30.0,False
jetpack-cat,shion,-2,,-2,0.0,0.0,-9.0,False
jetpack-cat,sierra,-3,,-3,0.0,50.0,-13.0,False
jetpack-cat,sigma,25,,25,25.0,0.0,,False
jetpack-cat,sojourn,-40,,-40,-50.0,50.0,-9.0,False
jetpack-cat,soldier-76,-65,,-65,-75.0,0.0,-35.0,False
jetpack-cat,sombra,-53,,-53,-75.0,0.0,-4.0,True
jetpack-cat,symmetra,59,,59,75.0,-100.0,,True
jetpack-cat,vendetta,75,,75,75.0,-50.0,,False
jetpack-cat,venture,24,,24,25.0,50.0,,False
jetpack-cat,widowmaker,-50,,-50,-50.0,100.0,,False
jetpack-cat,winston,-26,,-26,,50.0,-26.0,False
jetpack-cat,wrecking-ball,33,,33,50.0,50.0,-13.0,True
jetpack-cat,wuyang,24,,24,25.0,100.0,22.0,False
jetpack-cat,zenyatta,24,,24,,-100.0,24.0,False
junker-queen,ana,-1,,-1,0.0,50.0,-4.0,False
junker-queen,ashe,-50,,-50,-50.0,0.0,,False
junker-queen,baptiste,-25,,-25,-25.0,0.0,,False
junker-queen,bastion,3,,3,0.0,50.0,,False
junker-queen,brigitte,0,25.0,25,0.0,50.0,,False
junker-queen,cassidy,40,,40,50.0,-50.0,,False
junker-queen,dmon,0,,0,0.0,0.0,,False
junker-queen,domina,21,,21,25.0,-100.0,,False
junker-queen,doomfist,27,,27,25.0,0.0,34.0,False
junker-queen,dva,41,,41,50.0,0.0,,False
junker-queen,echo,-50,,-50,-50.0,-50.0,,False
junker-queen,emre,9,,9,,,,False
junker-queen,freja,-25,,-25,-25.0,50.0,,False
junker-queen,genji,2,,2,0.0,-100.0,,False
junker-queen,hanzo,22,,22,25.0,50.0,13.0,False
junker-queen,hazard,-17,,-17,-25.0,-50.0,,False
junker-queen,illari,-6,,-6,0.0,-50.0,-25.0,False
junker-queen,jetpack-cat,-40,,-40,-50.0,0.0,-9.0,False
junker-queen,junkrat,-43,,-43,-50.0,-50.0,-20.0,False
junker-queen,juno,-17,,-17,-25.0,0.0,,False
junker-queen,kiriko,-61,,-61,-75.0,0.0,-17.0,False
junker-queen,lifeweaver,2,,2,0.0,0.0,,False
junker-queen,lucio,-75,,-75,-75.0,-50.0,,False
junker-queen,mauga,-23,,-23,-25.0,0.0,-17.0,False
junker-queen,mei,-24,,-24,-25.0,0.0,-20.0,False
junker-queen,mercy,-50,,-50,-50.0,-50.0,,False
junker-queen,mizuki,-50,,-50,-50.0,0.0,,False
junker-queen,moira,-25,,-25,-25.0,50.0,-24.0,False
junker-queen,orisa,-50,,-50,-50.0,0.0,,False
junker-queen,pharah,-56,,-56,-75.0,50.0,-9.0,True
junker-queen,ramattra,-21,,-21,-25.0,-50.0,-9.0,False
junker-queen,reaper,-6,,-6,0.0,-50.0,-25.0,False
junker-queen,reinhardt,-2,,-2,0.0,-50.0,-9.0,False
junker-queen,roadhog,25,,25,25.0,0.0,,False
junker-queen,shion,0,,0,0.0,-50.0,,False
junker-queen,sierra,-25,,-25,-25.0,50.0,-25.0,False
junker-queen,sigma,18,,18,25.0,-50.0,-4.0,False
junker-queen,sojourn,0,,0,0.0,50.0,,False
junker-queen,soldier-76,3,,3,0.0,50.0,,False
junker-queen,sombra,0,,0,0.0,0.0,,False
junker-queen,symmetra,13,,13,25.0,-50.0,-25.0,False
junker-queen,torbjorn,-5,,-5,0.0,-50.0,-21.0,False
junker-queen,tracer,0,,0,0.0,50.0,,False
junker-queen,vendetta,25,,25,25.0,-50.0,,False
junker-queen,venture,0,,0,0.0,-50.0,,False
junker-queen,widowmaker,-33,,-33,-50.0,50.0,15.0,True
junker-queen,winston,67,,67,75.0,-100.0,42.0,False
junker-queen,wrecking-ball,28,,28,25.0,50.0,35.0,False
junker-queen,wuyang,-25,,-25,-25.0,100.0,,False
junker-queen,zarya,-56,,-56,-75.0,-50.0,-9.0,True
junker-queen,zenyatta,-25,,-25,-25.0,-50.0,,False
junkrat,ana,17,,17,25.0,0.0,-9.0,False
junkrat,anran,28,,28,,50.0,28.0,False
junkrat,ashe,-44,,-44,-50.0,-50.0,-24.0,False
junkrat,baptiste,-44,,-44,-50.0,50.0,-25.0,False
junkrat,bastion,16,,16,25.0,-50.0,-13.0,False
junkrat,brigitte,44,,44,50.0,50.0,27.0,False
junkrat,cassidy,-39,,-39,-50.0,0.0,-4.0,False
junkrat,dmon,25,,25,25.0,0.0,,False
junkrat,domina,-13,,-13,,50.0,-13.0,False
junkrat,doomfist,50,,50,50.0,100.0,,False
junkrat,dva,-56,,-56,-75.0,-50.0,-9.0,True
junkrat,echo,-23,,-23,-25.0,0.0,-17.0,False
junkrat,emre,-61,,-61,-75.0,50.0,-17.0,False
junkrat,freja,-59,,-59,-75.0,-50.0,-13.0,True
junkrat,genji,-18,,-18,-25.0,50.0,,False
junkrat,hanzo,-4,,-4,0.0,-50.0,-17.0,False
junkrat,hazard,-4,,-4,0.0,50.0,-17.0,False
junkrat,illari,-7,,-7,0.0,-50.0,-27.0,False
junkrat,jetpack-cat,-61,,-61,-75.0,50.0,-19.0,False
junkrat,junker-queen,43,,43,50.0,100.0,,False
junkrat,juno,-61,,-61,-75.0,-50.0,-18.0,False
junkrat,kiriko,2,,2,0.0,0.0,,False
junkrat,lifeweaver,-4,,-4,0.0,50.0,-17.0,False
junkrat,lucio,-17,,-17,-25.0,50.0,,False
junkrat,mauga,-42,,-42,-75.0,-50.0,,True
junkrat,mei,22,,22,25.0,-50.0,,False
junkrat,mercy,-59,,-59,-75.0,0.0,-13.0,True
junkrat,mizuki,9,,9,,,,False
junkrat,moira,-15,,-15,-25.0,50.0,,False
junkrat,orisa,-25,,-25,-25.0,50.0,,False
junkrat,pharah,-76,,-76,-100.0,50.0,-29.0,True
junkrat,ramattra,0,,0,0.0,0.0,,False
junkrat,reaper,-25,,-25,-25.0,50.0,,False
junkrat,reinhardt,43,,43,50.0,-50.0,20.0,False
junkrat,roadhog,-21,,-21,-25.0,-50.0,-9.0,False
junkrat,shion,-17,,-17,-25.0,50.0,,False
junkrat,sierra,25,,25,25.0,50.0,,False
junkrat,sigma,-3,,-3,0.0,0.0,-13.0,False
junkrat,sojourn,-25,,-25,-25.0,50.0,,False
junkrat,soldier-76,-40,,-40,-50.0,0.0,-9.0,False
junkrat,sombra,-35,,-35,-50.0,-50.0,,False
junkrat,symmetra,3,,3,0.0,0.0,,False
junkrat,torbjorn,0,,0,0.0,-50.0,,False
junkrat,tracer,9,,9,0.0,50.0,36.0,False
junkrat,vendetta,7,,7,0.0,-50.0,28.0,False
junkrat,venture,2,,2,0.0,50.0,,False
junkrat,widowmaker,-74,,-74,-100.0,-50.0,-26.0,True
junkrat,winston,0,,0,0.0,0.0,,False
junkrat,wrecking-ball,-25,,-25,-25.0,0.0,,False
junkrat,wuyang,0,,0,0.0,100.0,,False
junkrat,zarya,-53,,-53,-75.0,0.0,-4.0,True
junkrat,zenyatta,15,,15,25.0,-50.0,-17.0,False
juno,ana,22,,22,25.0,0.0,,False
juno,anran,29,,29,50.0,50.0,-22.0,True
juno,ashe,-62,,-62,-75.0,0.0,-23.0,False
juno,baptiste,-25,,-25,-25.0,100.0,,False
juno,bastion,1,,1,0.0,0.0,,False
juno,brigitte,1,,1,0.0,0.0,,False
juno,cassidy,-42,,-42,-50.0,-50.0,-17.0,False
juno,dmon,-20,,-20,-25.0,0.0,-4.0,False
juno,domina,13,,13,,,,False
juno,doomfist,40,,40,50.0,0.0,,False
juno,dva,-42,,-42,-50.0,0.0,-17.0,False
juno,echo,41,,41,50.0,100.0,,False
juno,freja,23,,23,25.0,-100.0,,False
juno,genji,25,,25,25.0,0.0,,False
juno,hanzo,42,,42,50.0,0.0,,False
juno,hazard,-22,,-22,-25.0,0.0,-13.0,False
juno,illari,0,,0,0.0,0.0,,False
juno,jetpack-cat,53,,53,75.0,0.0,,True
juno,junker-queen,17,,17,25.0,0.0,-9.0,False
juno,junkrat,61,,61,75.0,50.0,,False
juno,kiriko,0,,0,0.0,0.0,,False
juno,lifeweaver,0,,0,0.0,100.0,,False
juno,lucio,-25,,-25,-25.0,-100.0,,False
juno,mauga,-33,,-33,-50.0,50.0,,True
juno,mei,42,,42,50.0,-50.0,,False
juno,mercy,50,,50,50.0,-50.0,,False
juno,mizuki,9,,9,,,,False
juno,moira,-42,,-42,-50.0,50.0,-17.0,False
juno,orisa,1,,1,0.0,50.0,,False
juno,pharah,88,,88,100.0,0.0,50.0,False
juno,ramattra,-25,,-25,-25.0,0.0,,False
juno,reaper,15,,15,25.0,0.0,-17.0,False
juno,reinhardt,44,,44,50.0,-50.0,27.0,False
juno,roadhog,7,,7,0.0,0.0,28.0,False
juno,shion,-4,,-4,0.0,50.0,-17.0,False
juno,sierra,20,,20,25.0,0.0,,False
juno,sigma,4,,4,0.0,50.0,,False
juno,sojourn,-18,,-18,-25.0,-50.0,,False
juno,soldier-76,-45,,-45,-50.0,0.0,-29.0,False
juno,sombra,-49,,-49,-50.0,-50.0,-44.0,False
juno,symmetra,0,,0,0.0,-50.0,,False
juno,torbjorn,2,,2,0.0,50.0,,False
juno,tracer,-26,,-26,-25.0,-50.0,-30.0,False
juno,vendetta,-2,,-2,0.0,0.0,-9.0,False
juno,venture,25,,25,25.0,-50.0,,False
juno,widowmaker,-43,,-43,-50.0,0.0,-22.0,False
juno,winston,-63,,-63,-75.0,-50.0,-27.0,False
juno,wrecking-ball,16,,16,25.0,0.0,-13.0,False
juno,wuyang,5,,5,0.0,-50.0,21.0,False
juno,zarya,-50,,-50,-50.0,50.0,,False
juno,zenyatta,44,,44,50.0,0.0,25.0,False
kiriko,ana,40,,40,50.0,0.0,,False
kiriko,anran,40,,40,75.0,-50.0,-17.0,True
kiriko,ashe,43,,43,50.0,0.0,,False
kiriko,baptiste,1,,1,0.0,-50.0,,False
kiriko,bastion,23,,23,25.0,-50.0,,False
kiriko,brigitte,-3,,-3,0.0,50.0,-13.0,False
kiriko,cassidy,0,,0,0.0,0.0,,False
kiriko,dmon,-26,,-26,-25.0,0.0,-29.0,False
kiriko,domina,17,,17,,,,False
kiriko,doomfist,-6,,-6,0.0,0.0,-22.0,False
kiriko,dva,-35,,-35,-50.0,-50.0,,False
kiriko,echo,2,,2,0.0,50.0,,False
kiriko,emre,4,,4,,,,False
kiriko,freja,2,,2,0.0,0.0,,False
kiriko,genji,-7,,-7,0.0,0.0,-27.0,False
kiriko,hanzo,-25,,-25,-25.0,0.0,,False
kiriko,hazard,-21,,-21,-25.0,-50.0,-9.0,False
kiriko,illari,2,,2,0.0,50.0,,False
kiriko,jetpack-cat,-9,,-9,,0.0,-9.0,False
kiriko,junker-queen,61,,61,75.0,-50.0,,False
kiriko,junkrat,-2,,-2,0.0,50.0,-9.0,False
kiriko,juno,0,,0,0.0,0.0,,False
kiriko,lifeweaver,0,,0,0.0,50.0,,False
kiriko,lucio,0,-20.0,-20,0.0,-100.0,,False
kiriko,mauga,26,,26,25.0,-50.0,30.0,False
kiriko,mei,0,25.0,25,0.0,-50.0,,False
kiriko,mercy,0,,0,0.0,-50.0,,False
kiriko,mizuki,4,,4,,,,False
kiriko,moira,-2,,-2,0.0,0.0,-9.0,False
kiriko,orisa,22,,22,25.0,50.0,,False
kiriko,pharah,-41,,-41,-50.0,0.0,-13.0,False
kiriko,ramattra,4,,4,0.0,0.0,,False
kiriko,reaper,25,,25,25.0,-50.0,,False
kiriko,reinhardt,-20,,-20,-25.0,0.0,-4.0,False
kiriko,roadhog,7,,7,0.0,0.0,26.0,False
kiriko,shion,-6,,-6,0.0,0.0,-22.0,False
kiriko,sierra,56,,56,75.0,0.0,,True
kiriko,sigma,0,20.0,20,0.0,0.0,,False
kiriko,sojourn,1,,1,0.0,0.0,,False
kiriko,soldier-76,0,,0,0.0,0.0,,False
kiriko,sombra,75,,75,75.0,-50.0,,False
kiriko,symmetra,4,,4,0.0,50.0,,False
kiriko,torbjorn,6,,6,0.0,-50.0,24.0,False
kiriko,tracer,21,,21,25.0,0.0,,False
kiriko,vendetta,-8,,-8,0.0,0.0,-31.0,False
kiriko,venture,27,,27,50.0,-50.0,-28.0,True
kiriko,widowmaker,44,,44,50.0,0.0,24.0,False
kiriko,winston,-25,,-25,-25.0,50.0,-26.0,False
kiriko,wrecking-ball,-24,,-24,-25.0,50.0,-22.0,False
kiriko,wuyang,-20,,-20,-25.0,0.0,-4.0,False
kiriko,zarya,8,,8,0.0,0.0,,False
kiriko,zenyatta,7,,7,0.0,-50.0,26.0,False
lifeweaver,ana,23,,23,25.0,50.0,,False
lifeweaver,anran,-17,,-17,,0.0,-17.0,False
lifeweaver,ashe,7,,7,0.0,-50.0,29.0,False
lifeweaver,baptiste,0,,0,0.0,-100.0,,False
lifeweaver,bastion,-17,,-17,-25.0,0.0,,False
lifeweaver,brigitte,-1,,-1,0.0,50.0,-4.0,False
lifeweaver,cassidy,-16,,-16,-25.0,-50.0,,False
lifeweaver,dmon,27,,27,50.0,0.0,-26.0,True
lifeweaver,domina,29,,29,,50.0,29.0,False
lifeweaver,doomfist,24,,24,50.0,50.0,-34.0,True
lifeweaver,dva,-29,,-29,-25.0,-100.0,-42.0,False
lifeweaver,echo,0,,0,0.0,0.0,,False
lifeweaver,emre,22,,22,,,,False
lifeweaver,freja,-16,,-16,-25.0,-50.0,,False
lifeweaver,genji,-44,,-44,-50.0,0.0,-26.0,False
lifeweaver,hanzo,4,,4,0.0,0.0,,False
lifeweaver,hazard,-23,,-23,-25.0,50.0,-17.0,False
lifeweaver,illari,2,,2,0.0,0.0,,False
lifeweaver,jetpack-cat,-17,,-17,,100.0,-17.0,False
lifeweaver,junker-queen,-2,,-2,0.0,-50.0,-9.0,False
lifeweaver,junkrat,4,,4,0.0,-100.0,,False
lifeweaver,juno,0,,0,0.0,-100.0,,False
lifeweaver,kiriko,0,,0,0.0,-50.0,,False
lifeweaver,lucio,-4,,-4,0.0,100.0,-17.0,False
lifeweaver,mauga,-39,,-39,-50.0,0.0,-4.0,False
lifeweaver,mei,3,,3,0.0,100.0,,False
lifeweaver,mercy,0,,0,0.0,50.0,,False
lifeweaver,mizuki,9,,9,,,,False
lifeweaver,moira,0,,0,0.0,-50.0,,False
lifeweaver,orisa,-21,,-21,-25.0,-50.0,-9.0,False
lifeweaver,pharah,-75,,-75,-75.0,-50.0,,False
lifeweaver,ramattra,-25,,-25,-25.0,100.0,,False
lifeweaver,reaper,-41,,-41,-50.0,50.0,-13.0,False
lifeweaver,reinhardt,17,,17,25.0,0.0,-9.0,False
lifeweaver,roadhog,25,,25,25.0,-50.0,,False
lifeweaver,shion,17,,17,25.0,50.0,-9.0,False
lifeweaver,sierra,-25,,-25,-25.0,-50.0,,False
lifeweaver,sigma,7,,7,0.0,-50.0,28.0,False
lifeweaver,sojourn,-14,,-14,-25.0,-50.0,,False
lifeweaver,soldier-76,-18,,-18,-25.0,50.0,,False
lifeweaver,sombra,-42,,-42,-50.0,50.0,-17.0,False
lifeweaver,symmetra,3,,3,0.0,50.0,,False
lifeweaver,torbjorn,2,,2,0.0,-50.0,,False
lifeweaver,tracer,-26,,-26,-25.0,-100.0,-30.0,False
lifeweaver,vendetta,-66,,-66,-75.0,50.0,-37.0,False
lifeweaver,venture,-41,,-41,-50.0,-50.0,-13.0,False
lifeweaver,widowmaker,-9,,-9,-25.0,-50.0,38.0,True
lifeweaver,winston,-65,,-65,-75.0,-50.0,-36.0,False
lifeweaver,wrecking-ball,-30,,-30,-25.0,-50.0,-45.0,False
lifeweaver,wuyang,-16,,-16,-25.0,50.0,,False
lifeweaver,zarya,63,,63,75.0,-100.0,25.0,False
lifeweaver,zenyatta,6,,6,0.0,0.0,,False
lucio,ana,43,,43,50.0,0.0,,False
lucio,ashe,50,,50,50.0,0.0,,False
lucio,baptiste,-17,,-17,-25.0,0.0,,False
lucio,bastion,2,,2,0.0,50.0,,False
lucio,brigitte,18,,18,25.0,50.0,-4.0,False
lucio,cassidy,-50,,-50,-50.0,0.0,,False
lucio,dmon,12,,12,25.0,0.0,-28.0,False
lucio,domina,33,,33,50.0,50.0,-13.0,True
lucio,doomfist,16,,16,25.0,-50.0,-13.0,False
lucio,dva,8,,8,0.0,0.0,30.0,False
lucio,echo,25,,25,25.0,-50.0,,False
lucio,freja,50,,50,50.0,0.0,,False
lucio,genji,50,,50,50.0,-50.0,,False
lucio,hanzo,53,,53,75.0,50.0,,True
lucio,hazard,12,,12,25.0,0.0,-26.0,False
lucio,illari,2,,2,0.0,-50.0,,False
lucio,jetpack-cat,-9,,-9,,-50.0,-9.0,False
lucio,junker-queen,75,,75,75.0,0.0,,False
lucio,junkrat,17,,17,25.0,50.0,-9.0,False
lucio,juno,25,,25,25.0,0.0,,False
lucio,kiriko,0,20.0,20,0.0,0.0,,False
lucio,lifeweaver,4,,4,0.0,-50.0,,False
lucio,mauga,-27,,-27,-50.0,-100.0,26.0,True
lucio,mei,25,,25,25.0,-50.0,,False
lucio,mercy,2,,2,0.0,-50.0,,False
lucio,mizuki,22,,22,,,,False
lucio,moira,-40,,-40,-50.0,0.0,-9.0,False
lucio,orisa,6,,6,0.0,50.0,,False
lucio,pharah,-6,,-6,0.0,100.0,-24.0,False
lucio,ramattra,17,,17,25.0,0.0,-9.0,False
lucio,reaper,21,,21,25.0,50.0,,False
lucio,reinhardt,100,,100,100.0,-50.0,,False
lucio,roadhog,10,,10,0.0,0.0,38.0,False
lucio,shion,-1,,-1,0.0,-50.0,-4.0,False
lucio,sierra,2,,2,0.0,-50.0,,False
lucio,sigma,50,,50,50.0,50.0,,False
lucio,sojourn,1,,1,0.0,0.0,,False
lucio,soldier-76,-25,,-25,-25.0,0.0,,False
lucio,sombra,-42,,-42,-75.0,0.0,,True
lucio,symmetra,-25,,-25,-25.0,50.0,,False
lucio,torbjorn,-13,,-13,-25.0,-50.0,25.0,False
lucio,tracer,25,,25,25.0,0.0,,False
lucio,vendetta,14,,14,25.0,0.0,-20.0,False
lucio,venture,15,,15,25.0,-50.0,-17.0,False
lucio,widowmaker,50,,50,50.0,0.0,,False
lucio,winston,13,,13,25.0,50.0,-24.0,False
lucio,wrecking-ball,-3,,-3,0.0,-50.0,-13.0,False
lucio,wuyang,6,,6,0.0,50.0,,False
lucio,zarya,6,,6,0.0,-50.0,,False
lucio,zenyatta,45,,45,50.0,0.0,30.0,False
mauga,ana,-56,,-56,-75.0,50.0,-9.0,True
mauga,ashe,-25,,-25,-25.0,-50.0,,False
mauga,baptiste,25,,25,25.0,0.0,,False
mauga,bastion,-2,,-2,0.0,50.0,-9.0,False
mauga,brigitte,31,,31,50.0,-50.0,-17.0,True
mauga,cassidy,22,,22,25.0,0.0,,False
mauga,dmon,28,,28,25.0,0.0,38.0,False
mauga,domina,22,,22,25.0,0.0,,False
mauga,doomfist,54,,54,50.0,-100.0,67.0,False
mauga,dva,2,,2,0.0,0.0,,False
mauga,echo,-25,,-25,-25.0,50.0,,False
mauga,emre,-9,,-9,,50.0,-9.0,False
mauga,freja,-24,,-24,-25.0,50.0,-22.0,False
mauga,genji,0,,0,0.0,0.0,,False
mauga,hanzo,-41,,-41,-50.0,50.0,-13.0,False
mauga,hazard,52,,52,50.0,0.0,56.0,False
mauga,illari,-25,,-25,-25.0,0.0,,False
mauga,jetpack-cat,100,,100,100.0,50.0,,False
mauga,junker-queen,23,,23,25.0,-50.0,,False
mauga,junkrat,42,,42,75.0,100.0,-13.0,True
mauga,juno,33,,33,50.0,0.0,-13.0,True
mauga,kiriko,-26,,-26,-25.0,0.0,-30.0,False
mauga,lifeweaver,39,,39,50.0,50.0,,False
mauga,lucio,27,,27,50.0,50.0,-26.0,True
mauga,mei,-24,,-24,-25.0,-100.0,-22.0,False
mauga,mercy,44,,44,50.0,0.0,,False
mauga,mizuki,-32,,-32,,0.0,-32.0,False
mauga,moira,17,,17,25.0,0.0,-9.0,False
mauga,orisa,-16,,-16,-25.0,50.0,,False
mauga,pharah,35,,35,50.0,-100.0,-9.0,False
mauga,ramattra,25,,25,25.0,50.0,,False
mauga,reaper,-59,,-59,-75.0,0.0,-13.0,True
mauga,reinhardt,45,,45,50.0,-50.0,,False
mauga,roadhog,25,,25,25.0,0.0,,False
mauga,shion,15,,15,25.0,0.0,-17.0,False
mauga,sierra,-12,,-12,0.0,-50.0,-47.0,False
mauga,sigma,-75,,-75,-75.0,50.0,,False
mauga,sojourn,-46,,-46,-50.0,50.0,-34.0,False
mauga,soldier-76,-3,,-3,0.0,0.0,-13.0,False
mauga,sombra,12,,12,25.0,50.0,-26.0,False
mauga,symmetra,-13,,-13,0.0,-100.0,-50.0,False
mauga,torbjorn,11,,11,25.0,50.0,-31.0,False
mauga,tracer,0,,0,0.0,-100.0,,False
mauga,vendetta,25,,25,25.0,-50.0,,False
mauga,venture,21,,21,25.0,50.0,,False
mauga,widowmaker,-10,,-10,-25.0,-50.0,,False
mauga,winston,75,,75,75.0,0.0,76.0,False
mauga,wrecking-ball,60,,60,50.0,-100.0,89.0,False
mauga,wuyang,-24,,-24,-25.0,-100.0,-22.0,False
mauga,zarya,18,,18,25.0,50.0,-4.0,False
mauga,zenyatta,-44,,-44,-50.0,0.0,-26.0,False
mei,ana,-25,,-25,-25.0,0.0,,False
mei,anran,59,,59,75.0,0.0,,True
mei,ashe,-50,,-50,-50.0,-50.0,,False
mei,baptiste,-16,,-16,-25.0,100.0,,False
mei,bastion,-25,,-25,-25.0,0.0,,False
mei,brigitte,0,,0,0.0,-50.0,,False
mei,cassidy,-25,,-25,-25.0,-50.0,,False
mei,dmon,38,,38,75.0,0.0,-21.0,True
mei,domina,50,,50,50.0,50.0,,False
mei,doomfist,35,,35,50.0,-50.0,-9.0,False
mei,dva,42,,42,50.0,0.0,,False
mei,echo,-35,,-35,-50.0,100.0,,False
mei,emre,-50,,-50,-50.0,0.0,,False
mei,freja,-41,,-41,-50.0,0.0,-13.0,False
mei,genji,60,,60,100.0,-50.0,,True
mei,hanzo,-39,,-39,-50.0,0.0,-4.0,False
mei,hazard,25,,25,25.0,50.0,,False
mei,illari,2,,2,0.0,-50.0,,False
mei,jetpack-cat,-43,,-43,-50.0,-50.0,-20.0,False
mei,junker-queen,24,,24,25.0,0.0,20.0,False
mei,junkrat,-22,,-22,-25.0,50.0,-13.0,False
mei,juno,-42,,-42,-50.0,50.0,-17.0,False
mei,kiriko,0,-25.0,-25,0.0,50.0,,False
mei,lifeweaver,-3,,-3,0.0,-50.0,-13.0,False
mei,lucio,-25,,-25,-25.0,0.0,,False
mei,mauga,24,,24,25.0,50.0,22.0,False
mei,mercy,-40,,-40,-50.0,-50.0,-9.0,False
mei,mizuki,9,,9,,,,False
mei,moira,-1,,-1,0.0,-100.0,-4.0,False
mei,orisa,50,,50,50.0,-50.0,,False
mei,pharah,-61,,-61,-75.0,50.0,-20.0,False
mei,ramattra,-25,,-25,-25.0,0.0,,False
mei,reaper,25,,25,25.0,0.0,,False
mei,reinhardt,16,,16,25.0,-50.0,-13.0,False
mei,roadhog,0,,0,0.0,-100.0,,False
mei,shion,0,,0,0.0,0.0,,False
mei,sierra,20,,20,25.0,0.0,,False
mei,sigma,-14,,-14,-25.0,-50.0,18.0,False
mei,sojourn,-21,,-21,-25.0,-50.0,-9.0,False
mei,soldier-76,-18,,-18,-25.0,0.0,,False
mei,sombra,43,,43,50.0,100.0,20.0,False
mei,symmetra,2,,2,0.0,-50.0,,False
mei,torbjorn,1,,1,0.0,0.0,,False
mei,tracer,35,,35,50.0,-50.0,-9.0,False
mei,vendetta,50,,50,50.0,-50.0,,False
mei,venture,50,,50,50.0,50.0,,False
mei,widowmaker,-42,,-42,-50.0,0.0,-17.0,False
mei,winston,25,,25,25.0,0.0,,False
mei,wrecking-ball,25,,25,25.0,-50.0,,False
mei,wuyang,-41,,-41,-50.0,-100.0,-13.0,False
mei,zarya,42,,42,50.0,0.0,19.0,False
mei,zenyatta,-1,,-1,0.0,-50.0,-4.0,False
mercy,ana,-40,,-40,-75.0,0.0,,True
mercy,anran,33,,33,50.0,0.0,-13.0,True
mercy,ashe,-42,,-42,-75.0,0.0,,True
mercy,baptiste,-40,,-40,-50.0,50.0,-9.0,False
mercy,bastion,-33,,-33,-50.0,-50.0,,True
mercy,brigitte,0,-20.0,-20,0.0,-50.0,,False
mercy,cassidy,-75,,-75,-75.0,0.0,,False
mercy,dmon,-49,,-49,-50.0,0.0,-47.0,False
mercy,domina,-27,,-27,-50.0,-50.0,26.0,True
mercy,doomfist,13,,13,25.0,-50.0,-22.0,False
mercy,dva,-43,,-43,-50.0,0.0,-22.0,False
mercy,echo,0,,0,0.0,50.0,,False
mercy,emre,25,,25,,50.0,25.0,False
mercy,freja,3,,3,0.0,0.0,,False
mercy,genji,17,,17,25.0,0.0,-9.0,False
mercy,hanzo,6,,6,0.0,50.0,22.0,False
mercy,hazard,15,,15,25.0,-50.0,-17.0,False
mercy,illari,-50,,-50,-50.0,0.0,,False
mercy,jetpack-cat,-9,,-9,,50.0,-9.0,False
mercy,junker-queen,50,,50,50.0,-100.0,,False
mercy,junkrat,59,,59,75.0,50.0,,True
mercy,juno,-50,,-50,-50.0,0.0,,False
mercy,kiriko,0,,0,0.0,0.0,,False
mercy,lifeweaver,0,,0,0.0,-50.0,,False
mercy,lucio,-2,,-2,0.0,50.0,-9.0,False
mercy,mauga,-44,,-44,-50.0,0.0,-26.0,False
mercy,mei,40,,40,50.0,0.0,,False
mercy,mizuki,13,,13,,,,False
mercy,moira,-21,,-21,-25.0,0.0,-9.0,False
mercy,orisa,-1,,-1,0.0,0.0,-4.0,False
mercy,pharah,21,,21,25.0,-50.0,,False
mercy,ramattra,-2,,-2,0.0,0.0,-9.0,False
mercy,reaper,28,,28,50.0,-50.0,-25.0,True
mercy,reinhardt,17,,17,25.0,50.0,-9.0,False
mercy,roadhog,0,,0,0.0,50.0,,False
mercy,shion,-43,,-43,-50.0,0.0,-22.0,False
mercy,sierra,1,,1,0.0,100.0,,False
mercy,sigma,25,,25,25.0,0.0,,False
mercy,sojourn,5,,5,0.0,0.0,,False
mercy,soldier-76,-75,,-75,-75.0,0.0,,False
mercy,sombra,-47,,-47,-50.0,50.0,-36.0,False
mercy,symmetra,4,,4,0.0,0.0,,False
mercy,torbjorn,4,,4,0.0,0.0,,False
mercy,tracer,29,,29,50.0,0.0,-22.0,True
mercy,vendetta,-26,,-26,-25.0,0.0,-28.0,False
mercy,venture,-2,,-2,0.0,-50.0,-9.0,False
mercy,widowmaker,-31,,-31,-50.0,100.0,,True
mercy,winston,-22,,-22,-25.0,0.0,-13.0,False
mercy,wrecking-ball,4,,4,25.0,50.0,-54.0,True
mercy,wuyang,24,,24,25.0,50.0,20.0,False
mercy,zarya,0,,0,0.0,-50.0,,False
mercy,zenyatta,26,,26,25.0,-50.0,28.0,False
mizuki,ana,0,25.0,25,,,,False
mizuki,baptiste,0,25.0,25,,,,False
mizuki,bastion,9,,9,,,,False
mizuki,brigitte,0,-20.0,-20,,,,False
mizuki,dmon,-3,,-3,0.0,0.0,-13.0,False
mizuki,domina,20,,20,,50.0,20.0,False
mizuki,doomfist,41,,41,50.0,-100.0,,False
mizuki,dva,40,,40,50.0,-50.0,,False
mizuki,echo,-50,,-50,-50.0,-50.0,,False
mizuki,genji,-22,,-22,,0.0,-22.0,False
mizuki,hanzo,-18,,-18,,-50.0,-18.0,False
mizuki,hazard,24,,24,,50.0,24.0,False
mizuki,illari,0,20.0,20,,,,False
mizuki,jetpack-cat,-43,,-43,-50.0,100.0,-22.0,False
mizuki,junker-queen,50,,50,50.0,0.0,,False
mizuki,junkrat,-9,,-9,,-50.0,-9.0,False
mizuki,juno,-9,,-9,,0.0,-9.0,False
mizuki,kiriko,-4,,-4,,-50.0,-4.0,False
mizuki,lifeweaver,-9,,-9,,100.0,-9.0,False
mizuki,lucio,-22,,-22,,0.0,-22.0,False
mizuki,mauga,32,,32,,0.0,32.0,False
mizuki,mei,-9,,-9,,-50.0,-9.0,False
mizuki,mercy,-13,,-13,,0.0,-13.0,False
mizuki,moira,-4,,-4,,0.0,-4.0,False
mizuki,orisa,13,,13,,,,False
mizuki,pharah,-42,,-42,-50.0,100.0,-18.0,False
mizuki,ramattra,13,,13,,,,False
mizuki,reinhardt,41,,41,50.0,0.0,,False
mizuki,shion,0,,0,0.0,-50.0,,False
mizuki,sierra,-21,,-21,-25.0,50.0,-9.0,False
mizuki,sombra,4,,4,,,,False
mizuki,symmetra,13,,13,,,,False
mizuki,torbjorn,9,,9,,,,False
mizuki,tracer,18,,18,,50.0,18.0,False
mizuki,vendetta,50,,50,50.0,-50.0,,False
mizuki,widowmaker,-9,,-9,,50.0,-9.0,False
mizuki,wrecking-ball,14,,14,,-100.0,14.0,False
mizuki,wuyang,-4,,-4,,50.0,-4.0,False
mizuki,zenyatta,0,25.0,25,,,,False
moira,ana,24,,24,25.0,50.0,,False
moira,anran,64,,64,75.0,0.0,32.0,False
moira,ashe,25,,25,25.0,0.0,,False
moira,baptiste,0,-30.0,-30,0.0,-50.0,,False
moira,bastion,-22,,-22,-25.0,50.0,-13.0,False
moira,brigitte,25,,25,25.0,50.0,,False
moira,cassidy,-43,,-43,-50.0,0.0,-22.0,False
moira,dmon,-23,,-23,-25.0,0.0,-17.0,False
moira,doomfist,27,,27,50.0,0.0,-28.0,True
moira,dva,3,,3,0.0,0.0,,False
moira,echo,42,,42,50.0,0.0,,False
moira,freja,22,,22,25.0,50.0,,False
moira,genji,86,,86,100.0,0.0,44.0,False
moira,hanzo,-2,,-2,0.0,0.0,-9.0,False
moira,hazard,18,,18,25.0,-50.0,-4.0,False
moira,illari,2,,2,0.0,-50.0,,False
moira,jetpack-cat,13,,13,,,,False
moira,junker-queen,25,,25,25.0,0.0,24.0,False
moira,junkrat,15,,15,25.0,-50.0,-17.0,False
moira,juno,42,,42,50.0,0.0,,False
moira,kiriko,2,,2,0.0,0.0,,False
moira,lifeweaver,0,,0,0.0,0.0,,False
moira,lucio,40,,40,50.0,50.0,,False
moira,mauga,-17,,-17,-25.0,50.0,,False
moira,mei,1,,1,0.0,50.0,,False
moira,mercy,21,,21,25.0,0.0,,False
moira,mizuki,4,,4,,,,False
moira,orisa,2,,2,0.0,0.0,,False
moira,pharah,-25,,-25,-25.0,0.0,,False
moira,ramattra,0,,0,0.0,0.0,,False
moira,reaper,15,,15,25.0,50.0,-17.0,False
moira,reinhardt,13,,13,25.0,50.0,-25.0,False
moira,roadhog,-46,,-46,-50.0,0.0,-35.0,False
moira,shion,50,,50,50.0,-50.0,,False
moira,sierra,63,,63,75.0,0.0,25.0,False
moira,sigma,43,,43,50.0,-50.0,22.0,False
moira,sojourn,1,,1,0.0,0.0,,False
moira,soldier-76,-21,,-21,-25.0,0.0,-9.0,False
moira,sombra,56,,56,75.0,50.0,,True
moira,symmetra,-38,,-38,-75.0,0.0,,True
moira,torbjorn,-45,,-45,-50.0,-50.0,-30.0,False
moira,tracer,42,,42,75.0,-50.0,-13.0,True
moira,vendetta,21,,21,25.0,-50.0,,False
moira,venture,25,,25,25.0,-50.0,,False
moira,widowmaker,16,,16,25.0,0.0,-13.0,False
moira,winston,15,,15,25.0,50.0,-17.0,False
moira,wrecking-ball,26,,26,50.0,0.0,-30.0,True
moira,wuyang,4,,4,0.0,50.0,,False
moira,zarya,-25,,-25,-25.0,0.0,,False
moira,zenyatta,2,,2,0.0,-50.0,,False
orisa,ana,-25,,-25,-25.0,0.0,,False
orisa,anran,50,,50,50.0,-100.0,,False
orisa,ashe,0,,0,0.0,0.0,,False
orisa,baptiste,-25,,-25,-25.0,0.0,,False
orisa,bastion,15,,15,25.0,0.0,-17.0,False
orisa,brigitte,14,,14,25.0,50.0,-18.0,False
orisa,cassidy,22,,22,25.0,50.0,,False
orisa,dmon,20,,20,25.0,0.0,,False
orisa,doomfist,63,,63,75.0,-50.0,26.0,False
orisa,dva,0,,0,0.0,-50.0,,False
orisa,echo,-25,,-25,-25.0,50.0,,False
orisa,emre,4,,4,,,,False
orisa,freja,0,,0,0.0,0.0,,False
orisa,genji,25,,25,25.0,50.0,,False
orisa,hanzo,-25,,-25,-25.0,0.0,,False
orisa,hazard,64,,64,75.0,-50.0,31.0,False
orisa,illari,-15,,-15,-25.0,50.0,15.0,False
orisa,jetpack-cat,13,,13,,,,False
orisa,junker-queen,50,,50,50.0,-50.0,,False
orisa,junkrat,25,,25,25.0,-50.0,,False
orisa,juno,-1,,-1,0.0,-50.0,-4.0,False
orisa,kiriko,-22,,-22,-25.0,50.0,-13.0,False
orisa,lifeweaver,21,,21,25.0,50.0,,False
orisa,lucio,-6,,-6,0.0,0.0,-24.0,False
orisa,mauga,16,,16,25.0,50.0,-13.0,False
orisa,mei,-50,,-50,-50.0,50.0,,False
orisa,mercy,1,,1,0.0,0.0,,False
orisa,mizuki,-13,,-13,,-50.0,-13.0,False
orisa,moira,-2,,-2,0.0,50.0,-9.0,False
orisa,pharah,-3,,-3,0.0,0.0,-13.0,False
orisa,ramattra,50,,50,50.0,-50.0,,False
orisa,reaper,-25,,-25,-25.0,0.0,,False
orisa,reinhardt,75,,75,75.0,100.0,,False
orisa,roadhog,75,,75,75.0,-50.0,,False
orisa,shion,25,,25,25.0,0.0,,False
orisa,sierra,25,,25,25.0,0.0,,False
orisa,sigma,-40,,-40,-50.0,50.0,-9.0,False
orisa,sojourn,25,,25,25.0,0.0,,False
orisa,soldier-76,1,,1,0.0,0.0,,False
orisa,sombra,0,,0,0.0,-50.0,,False
orisa,symmetra,-28,,-28,-25.0,-50.0,-36.0,False
orisa,torbjorn,50,,50,50.0,-50.0,,False
orisa,tracer,-18,,-18,-25.0,50.0,,False
orisa,vendetta,41,,41,50.0,-100.0,,False
orisa,venture,21,,21,25.0,-50.0,,False
orisa,widowmaker,25,,25,25.0,0.0,24.0,False
orisa,winston,42,,42,50.0,50.0,18.0,False
orisa,wrecking-ball,50,,50,50.0,0.0,,False
orisa,wuyang,-25,,-25,-25.0,0.0,,False
orisa,zarya,-75,,-75,-75.0,0.0,,False
orisa,zenyatta,-61,,-61,-75.0,-50.0,-17.0,False
pharah,ana,-23,,-23,-25.0,50.0,-17.0,False
pharah,anran,63,,63,75.0,100.0,,False
pharah,ashe,-48,,-48,-50.0,0.0,-42.0,False
pharah,baptiste,-48,,-48,-50.0,50.0,-40.0,False
pharah,bastion,-43,,-43,-50.0,-50.0,-22.0,False
pharah,brigitte,82,,82,100.0,0.0,36.0,True
pharah,cassidy,-65,,-65,-75.0,100.0,-35.0,False
pharah,dmon,41,,41,50.0,0.0,,False
pharah,domina,-41,,-41,-50.0,-100.0,-13.0,False
pharah,doomfist,64,,64,75.0,-50.0,32.0,False
pharah,dva,-62,,-62,-75.0,0.0,-22.0,False
pharah,echo,-48,,-48,-50.0,50.0,-43.0,False
pharah,emre,-64,,-64,-75.0,100.0,-30.0,False
pharah,freja,-25,,-25,-25.0,0.0,-26.0,False
pharah,genji,75,,75,75.0,50.0,,False
pharah,hanzo,50,,50,50.0,0.0,,False
pharah,hazard,56,,56,100.0,100.0,,True
pharah,illari,-65,,-65,-75.0,50.0,-33.0,False
pharah,jetpack-cat,-47,,-47,-50.0,-100.0,-36.0,False
pharah,junker-queen,56,,56,75.0,-50.0,,True
pharah,junkrat,76,,76,100.0,-50.0,,True
pharah,juno,-88,,-88,-100.0,50.0,-50.0,False
pharah,kiriko,41,,41,50.0,0.0,,False
pharah,lifeweaver,75,,75,75.0,0.0,,False
pharah,lucio,6,,6,0.0,-100.0,,False
pharah,mauga,-35,,-35,-50.0,100.0,,False
pharah,mei,61,,61,75.0,0.0,,False
pharah,mercy,-21,,-21,-25.0,0.0,-9.0,False
pharah,mizuki,42,,42,50.0,0.0,,False
pharah,moira,25,,25,25.0,0.0,,False
pharah,orisa,3,,3,0.0,0.0,,False
pharah,ramattra,25,,25,25.0,50.0,,False
pharah,reaper,45,,45,75.0,0.0,-9.0,True
pharah,reinhardt,86,,86,100.0,0.0,45.0,False
pharah,roadhog,6,,6,0.0,100.0,,False
pharah,shion,-62,,-62,-75.0,-100.0,-22.0,False
pharah,sierra,0,,0,0.0,0.0,,False
pharah,sigma,20,,20,25.0,0.0,,False
pharah,sojourn,-25,,-25,-25.0,-50.0,,False
pharah,soldier-76,-64,,-64,-75.0,50.0,-30.0,False
pharah,sombra,-62,,-62,-75.0,-50.0,-22.0,False
pharah,symmetra,56,,56,75.0,0.0,,True
pharah,torbjorn,44,,44,50.0,-50.0,,False
pharah,tracer,75,,75,75.0,0.0,,False
pharah,vendetta,65,,65,75.0,-50.0,34.0,False
pharah,venture,66,,66,75.0,-50.0,37.0,False
pharah,widowmaker,-63,,-63,-75.0,0.0,-26.0,False
pharah,winston,50,,50,50.0,-50.0,,False
pharah,wrecking-ball,33,,33,75.0,-100.0,-30.0,True
pharah,wuyang,4,,4,0.0,-50.0,,False
pharah,zarya,-50,,-50,-50.0,-50.0,,False
pharah,zenyatta,50,,50,50.0,-50.0,,False
ramattra,ana,-44,,-44,-50.0,0.0,-24.0,False
ramattra,ashe,-6,,-6,0.0,0.0,-23.0,False
ramattra,baptiste,0,,0,0.0,50.0,,False
ramattra,bastion,15,,15,25.0,50.0,-17.0,False
ramattra,brigitte,66,,66,75.0,50.0,38.0,False
ramattra,cassidy,25,,25,25.0,0.0,,False
ramattra,dmon,61,,61,75.0,0.0,,False
ramattra,domina,59,,59,75.0,0.0,,True
ramattra,doomfist,23,,23,25.0,0.0,,False
ramattra,dva,7,,7,0.0,0.0,29.0,False
ramattra,echo,-7,,-7,0.0,-50.0,-27.0,False
ramattra,freja,-25,,-25,-25.0,-50.0,-25.0,False
ramattra,genji,2,,2,0.0,0.0,,False
ramattra,hanzo,-25,,-25,-25.0,50.0,,False
ramattra,hazard,25,,25,25.0,0.0,26.0,False
ramattra,illari,-25,,-25,-25.0,50.0,,False
ramattra,jetpack-cat,-4,,-4,,100.0,-4.0,False
ramattra,junker-queen,21,,21,25.0,0.0,,False
ramattra,junkrat,0,,0,0.0,0.0,,False
ramattra,juno,25,,25,25.0,0.0,,False
ramattra,kiriko,-4,,-4,0.0,0.0,-17.0,False
ramattra,lifeweaver,25,,25,25.0,0.0,,False
ramattra,lucio,-17,,-17,-25.0,-50.0,,False
ramattra,mauga,-25,,-25,-25.0,50.0,-25.0,False
ramattra,mei,25,,25,25.0,-50.0,,False
ramattra,mercy,2,,2,0.0,0.0,,False
ramattra,mizuki,-13,,-13,,-50.0,-13.0,False
ramattra,moira,0,,0,0.0,0.0,,False
ramattra,orisa,-50,,-50,-50.0,50.0,,False
ramattra,pharah,-25,,-25,-25.0,0.0,-25.0,False
ramattra,reaper,-21,,-21,-25.0,-50.0,-9.0,False
ramattra,reinhardt,61,,61,75.0,0.0,20.0,False
ramattra,roadhog,16,,16,25.0,100.0,-13.0,False
ramattra,shion,0,,0,0.0,100.0,,False
ramattra,sierra,-2,,-2,0.0,-50.0,-9.0,False
ramattra,sigma,21,,21,25.0,-50.0,,False
ramattra,sojourn,0,,0,0.0,100.0,,False
ramattra,soldier-76,0,,0,0.0,50.0,,False
ramattra,sombra,2,,2,0.0,50.0,,False
ramattra,symmetra,-27,,-27,-25.0,-50.0,-33.0,False
ramattra,torbjorn,50,,50,50.0,-50.0,,False
ramattra,tracer,3,,3,0.0,50.0,,False
ramattra,vendetta,4,,4,0.0,-50.0,,False
ramattra,venture,22,,22,25.0,0.0,,False
ramattra,widowmaker,2,,2,0.0,100.0,,False
ramattra,winston,47,,47,50.0,50.0,39.0,False
ramattra,wrecking-ball,0,,0,0.0,50.0,,False
ramattra,wuyang,-41,,-41,-50.0,-50.0,-13.0,False
ramattra,zarya,20,,20,25.0,0.0,,False
ramattra,zenyatta,-48,,-48,-50.0,0.0,-42.0,False
reaper,ana,25,,25,25.0,-50.0,,False
reaper,anran,75,,75,75.0,-100.0,,False
reaper,ashe,18,,18,25.0,0.0,-4.0,False
reaper,baptiste,0,-20.0,-20,0.0,0.0,,False
reaper,bastion,56,,56,75.0,50.0,,True
reaper,brigitte,12,,12,25.0,50.0,-29.0,False
reaper,cassidy,-41,,-41,-50.0,0.0,-13.0,False
reaper,dmon,50,,50,50.0,0.0,,False
reaper,domina,42,,42,50.0,50.0,,False
reaper,doomfist,0,,0,0.0,-50.0,,False
reaper,dva,4,,4,0.0,0.0,17.0,False
reaper,echo,-45,,-45,-75.0,-50.0,,True
reaper,freja,-35,,-35,-50.0,0.0,,False
reaper,genji,-5,,-5,0.0,0.0,-18.0,False
reaper,hanzo,-3,,-3,0.0,0.0,-13.0,False
reaper,hazard,-3,,-3,0.0,0.0,-13.0,False
reaper,illari,-50,,-50,-50.0,0.0,,False
reaper,jetpack-cat,-50,,-50,-50.0,0.0,,False
reaper,junker-queen,6,,6,0.0,-50.0,,False
reaper,junkrat,25,,25,25.0,0.0,,False
reaper,juno,-15,,-15,-25.0,0.0,17.0,False
reaper,kiriko,-25,,-25,-25.0,0.0,,False
reaper,lifeweaver,41,,41,50.0,-50.0,,False
reaper,lucio,-21,,-21,-25.0,-50.0,-9.0,False
reaper,mauga,59,,59,75.0,0.0,,True
reaper,mei,-25,,-25,-25.0,0.0,,False
reaper,mercy,-28,,-28,-50.0,50.0,25.0,True
reaper,moira,-15,,-15,-25.0,0.0,,False
reaper,orisa,25,,25,25.0,50.0,,False
reaper,pharah,-45,,-45,-75.0,50.0,,True
reaper,ramattra,21,,21,25.0,0.0,,False
reaper,reinhardt,-1,,-1,0.0,50.0,-4.0,False
reaper,roadhog,40,,40,75.0,50.0,-17.0,True
reaper,shion,-7,,-7,0.0,50.0,-26.0,False
reaper,sierra,25,,25,25.0,0.0,,False
reaper,sigma,25,,25,25.0,-50.0,,False
reaper,sojourn,-6,,-6,0.0,50.0,-23.0,False
reaper,soldier-76,25,,25,25.0,50.0,,False
reaper,sombra,40,,40,50.0,-50.0,,False
reaper,symmetra,-33,,-33,-50.0,-50.0,,True
reaper,torbjorn,-50,,-50,-50.0,-50.0,,False
reaper,tracer,0,,0,0.0,0.0,,False
reaper,vendetta,-7,,-7,0.0,-50.0,-26.0,False
reaper,venture,0,,0,0.0,-50.0,,False
reaper,widowmaker,12,,12,25.0,-50.0,-26.0,False
reaper,winston,62,,62,75.0,-100.0,24.0,False
reaper,wrecking-ball,24,,24,25.0,-50.0,22.0,False
reaper,wuyang,-25,,-25,-25.0,50.0,,False
reaper,zarya,25,,25,25.0,0.0,,False
reaper,zenyatta,50,,50,50.0,0.0,,False
reinhardt,ana,-7,,-7,0.0,0.0,-26.0,False
reinhardt,anran,30,,30,,50.0,30.0,False
reinhardt,ashe,25,,25,25.0,0.0,,False
reinhardt,baptiste,-9,,-9,0.0,0.0,-37.0,False
reinhardt,bastion,-43,,-43,-50.0,-50.0,-22.0,False
reinhardt,brigitte,62,,62,75.0,50.0,,False
reinhardt,cassidy,0,,0,0.0,0.0,,False
reinhardt,dmon,50,,50,50.0,0.0,,False
reinhardt,domina,43,,43,50.0,0.0,,False
reinhardt,doomfist,-13,,-13,-25.0,-50.0,,False
reinhardt,dva,-13,,-13,-25.0,50.0,,False
reinhardt,echo,-44,,-44,-50.0,50.0,-25.0,False
reinhardt,freja,-25,,-25,-25.0,-50.0,-26.0,False
reinhardt,genji,25,,25,25.0,-50.0,,False
reinhardt,hanzo,25,,25,25.0,-50.0,,False
reinhardt,hazard,8,,8,0.0,0.0,32.0,False
reinhardt,illari,25,,25,25.0,0.0,,False
reinhardt,jetpack-cat,-64,,-64,-75.0,-50.0,-30.0,False
reinhardt,junker-queen,2,,2,0.0,0.0,,False
reinhardt,junkrat,-43,,-43,-50.0,0.0,,False
reinhardt,juno,-44,,-44,-50.0,0.0,-26.0,False
reinhardt,kiriko,20,,20,25.0,0.0,,False
reinhardt,lifeweaver,-17,,-17,-25.0,0.0,,False
reinhardt,lucio,-100,,-100,-100.0,50.0,,False
reinhardt,mauga,-45,,-45,-50.0,50.0,-30.0,False
reinhardt,mei,-16,,-16,-25.0,50.0,,False
reinhardt,mercy,-17,,-17,-25.0,50.0,,False
reinhardt,mizuki,-41,,-41,-50.0,0.0,-13.0,False
reinhardt,moira,-13,,-13,-25.0,-50.0,25.0,False
reinhardt,orisa,-75,,-75,-75.0,-50.0,,False
reinhardt,pharah,-86,,-86,-100.0,50.0,-45.0,False
reinhardt,ramattra,-62,,-62,-75.0,0.0,-22.0,False
reinhardt,reaper,1,,1,0.0,0.0,,False
reinhardt,roadhog,-25,,-25,-25.0,50.0,-26.0,False
reinhardt,shion,3,,3,0.0,50.0,,False
reinhardt,sierra,-25,,-25,-25.0,50.0,,False
reinhardt,sigma,43,,43,50.0,0.0,,False
reinhardt,sojourn,-25,,-25,-25.0,-50.0,,False
reinhardt,soldier-76,21,,21,25.0,-50.0,,False
reinhardt,sombra,0,,0,0.0,0.0,,False
reinhardt,symmetra,-75,,-75,-75.0,50.0,,False
reinhardt,torbjorn,-67,,-67,-75.0,-100.0,-43.0,False
reinhardt,tracer,-25,,-25,-25.0,0.0,,False
reinhardt,vendetta,6,,6,0.0,0.0,,False
reinhardt,venture,7,,7,0.0,0.0,28.0,False
reinhardt,widowmaker,-31,,-31,-50.0,50.0,,True
reinhardt,winston,24,,24,25.0,100.0,,False
reinhardt,wrecking-ball,7,,7,0.0,-100.0,28.0,False
reinhardt,wuyang,-56,,-56,-75.0,0.0,-9.0,True
reinhardt,zarya,42,,42,50.0,-50.0,,False
reinhardt,zenyatta,-28,,-28,-25.0,0.0,-37.0,False
roadhog,ana,-82,,-82,-100.0,0.0,-37.0,True
roadhog,anran,41,,41,50.0,0.0,,False
roadhog,ashe,-50,,-50,-50.0,50.0,,False
roadhog,baptiste,-33,,-33,-25.0,50.0,-58.0,False
roadhog,bastion,-29,,-29,-25.0,-50.0,-42.0,False
roadhog,brigitte,10,,10,25.0,50.0,-36.0,False
roadhog,cassidy,41,,41,50.0,0.0,,False
roadhog,dmon,21,,21,25.0,0.0,,False
roadhog,domina,4,,4,,,,False
roadhog,doomfist,66,,66,75.0,-50.0,37.0,False
roadhog,dva,50,,50,50.0,0.0,,False
roadhog,echo,-25,,-25,-25.0,0.0,,False
roadhog,freja,-50,,-50,-50.0,0.0,,False
roadhog,genji,3,,3,0.0,0.0,,False
roadhog,hanzo,-50,,-50,-50.0,-50.0,,False
roadhog,hazard,61,,61,75.0,50.0,,False
roadhog,illari,-27,,-27,-25.0,50.0,-32.0,False
roadhog,junker-queen,-25,,-25,-25.0,0.0,,False
roadhog,junkrat,21,,21,25.0,50.0,,False
roadhog,juno,-8,,-8,0.0,-50.0,-30.0,False
roadhog,kiriko,-7,,-7,0.0,0.0,,False
roadhog,lifeweaver,-25,,-25,-25.0,50.0,,False
roadhog,lucio,-10,,-10,0.0,-50.0,-38.0,False
roadhog,mauga,-25,,-25,-25.0,50.0,,False
roadhog,mei,0,,0,0.0,0.0,,False
roadhog,mercy,0,,0,0.0,-100.0,,False
roadhog,moira,46,,46,50.0,0.0,35.0,False
roadhog,orisa,-75,,-75,-75.0,50.0,,False
roadhog,pharah,-6,,-6,0.0,-50.0,-25.0,False
roadhog,ramattra,-16,,-16,-25.0,-100.0,,False
roadhog,reaper,-40,,-40,-75.0,-50.0,,True
roadhog,reinhardt,25,,25,25.0,0.0,,False
roadhog,shion,50,,50,50.0,-50.0,,False
roadhog,sierra,0,,0,0.0,50.0,,False
roadhog,sigma,18,,18,25.0,0.0,-4.0,False
roadhog,sojourn,-43,,-43,-50.0,0.0,,False
roadhog,soldier-76,0,,0,0.0,0.0,,False
roadhog,sombra,0,,0,0.0,-50.0,,False
roadhog,symmetra,50,,50,50.0,0.0,,False
roadhog,torbjorn,-10,,-10,0.0,100.0,-40.0,False
roadhog,tracer,6,,6,0.0,100.0,,False
roadhog,vendetta,39,,39,50.0,50.0,,False
roadhog,venture,25,,25,25.0,-50.0,,False
roadhog,widowmaker,-10,,-10,-25.0,0.0,37.0,True
roadhog,winston,57,,57,50.0,0.0,78.0,False
roadhog,wrecking-ball,47,,47,50.0,0.0,39.0,False
roadhog,wuyang,0,,0,0.0,50.0,,False
roadhog,zarya,3,,3,0.0,0.0,,False
roadhog,zenyatta,-66,,-66,-75.0,50.0,-40.0,False
shion,ana,4,,4,0.0,-50.0,,False
shion,anran,-5,,-5,0.0,50.0,-18.0,False
shion,ashe,-25,,-25,-25.0,0.0,,False
shion,baptiste,4,,4,0.0,-50.0,,False
shion,bastion,-17,,-17,-25.0,-50.0,,False
shion,brigitte,-56,,-56,-75.0,100.0,-9.0,True
shion,cassidy,-50,,-50,-50.0,50.0,,False
shion,dmon,-43,,-43,-50.0,0.0,-20.0,False
shion,domina,0,,0,0.0,50.0,,False
shion,doomfist,-3,,-3,0.0,50.0,-13.0,False
shion,dva,-39,,-39,-25.0,-100.0,-79.0,False
shion,echo,42,,42,50.0,0.0,,False
shion,emre,21,,21,25.0,50.0,,False
shion,freja,21,,21,25.0,0.0,,False
shion,genji,0,,0,0.0,-50.0,,False
shion,hanzo,25,,25,25.0,50.0,,False
shion,hazard,-39,,-39,-50.0,0.0,-4.0,False
shion,illari,21,,21,50.0,50.0,-43.0,True
shion,jetpack-cat,2,,2,0.0,-50.0,,False
shion,junker-queen,0,,0,0.0,100.0,,False
shion,junkrat,17,,17,25.0,-50.0,-9.0,False
shion,juno,4,,4,0.0,-50.0,,False
shion,kiriko,5,,5,0.0,0.0,20.0,False
shion,lifeweaver,-17,,-17,-25.0,-50.0,,False
shion,lucio,1,,1,0.0,-50.0,,False
shion,mauga,-15,,-15,-25.0,0.0,,False
shion,mei,0,,0,0.0,50.0,,False
shion,mercy,43,,43,50.0,0.0,22.0,False
shion,mizuki,0,,0,0.0,100.0,,False
shion,moira,-50,,-50,-50.0,0.0,,False
shion,orisa,-25,,-25,-25.0,-100.0,,False
shion,pharah,61,,61,75.0,100.0,20.0,False
shion,ramattra,0,,0,0.0,-50.0,,False
shion,reaper,7,,7,0.0,0.0,26.0,False
shion,reinhardt,-3,,-3,0.0,0.0,-13.0,False
shion,roadhog,-50,,-50,-50.0,0.0,,False
shion,sierra,25,,25,25.0,50.0,,False
shion,sigma,50,,50,50.0,-50.0,,False
shion,sojourn,25,,25,25.0,0.0,,False
shion,soldier-76,-25,,-25,-25.0,0.0,,False
shion,sombra,3,,3,0.0,-100.0,,False
shion,symmetra,-45,,-45,-75.0,100.0,,True
shion,torbjorn,-51,,-51,-50.0,100.0,-55.0,False
shion,tracer,-27,,-27,-50.0,-50.0,26.0,True
shion,vendetta,-6,,-6,0.0,0.0,-25.0,False
shion,venture,-23,,-23,-25.0,-100.0,-16.0,False
shion,widowmaker,16,,16,25.0,-100.0,-13.0,False
shion,winston,-75,,-75,-75.0,50.0,,False
shion,wrecking-ball,0,,0,0.0,-50.0,,False
shion,wuyang,0,,0,0.0,-50.0,,False
shion,zarya,-40,,-40,-50.0,-50.0,-9.0,False
shion,zenyatta,39,,39,50.0,-100.0,,False
sierra,ana,25,,25,25.0,0.0,,False
sierra,anran,-25,,-25,-25.0,50.0,-25.0,False
sierra,ashe,-50,,-50,-50.0,0.0,,False
sierra,baptiste,-25,,-25,-25.0,50.0,,False
sierra,bastion,23,,23,25.0,50.0,,False
sierra,brigitte,-22,,-22,-25.0,50.0,-13.0,False
sierra,cassidy,-39,,-39,-50.0,0.0,-4.0,False
sierra,dmon,-5,,-5,0.0,0.0,-21.0,False
sierra,domina,-14,,-14,-25.0,0.0,18.0,False
sierra,doomfist,37,,37,50.0,-50.0,-4.0,False
sierra,dva,-75,,-75,-75.0,50.0,,False
sierra,echo,2,,2,0.0,0.0,,False
sierra,emre,-25,,-25,-25.0,0.0,,False
sierra,freja,-1,,-1,0.0,0.0,-4.0,False
sierra,genji,-25,,-25,-25.0,50.0,-26.0,False
sierra,hanzo,-22,,-22,-25.0,50.0,-13.0,False
sierra,hazard,18,,18,25.0,-50.0,-4.0,False
sierra,illari,0,,0,0.0,50.0,,False
sierra,jetpack-cat,3,,3,0.0,0.0,,False
sierra,junker-queen,25,,25,25.0,-100.0,25.0,False
sierra,junkrat,-25,,-25,-25.0,0.0,,False
sierra,juno,-20,,-20,-25.0,0.0,-4.0,False
sierra,kiriko,-56,,-56,-75.0,-50.0,-9.0,True
sierra,lifeweaver,25,,25,25.0,0.0,,False
sierra,lucio,-2,,-2,0.0,100.0,-9.0,False
sierra,mauga,12,,12,0.0,50.0,47.0,False
sierra,mei,-20,,-20,-25.0,50.0,-4.0,False
sierra,mercy,-1,,-1,0.0,-50.0,-4.0,False
sierra,mizuki,21,,21,25.0,0.0,,False
sierra,moira,-63,,-63,-75.0,50.0,-25.0,False
sierra,orisa,-25,,-25,-25.0,50.0,,False
sierra,pharah,0,,0,0.0,50.0,,False
sierra,ramattra,2,,2,0.0,100.0,,False
sierra,reaper,-25,,-25,-25.0,50.0,,False
sierra,reinhardt,25,,25,25.0,0.0,,False
sierra,roadhog,0,,0,0.0,0.0,,False
sierra,shion,-25,,-25,-25.0,50.0,,False
sierra,sigma,-75,,-75,-75.0,0.0,,False
sierra,sojourn,0,,0,0.0,0.0,,False
sierra,soldier-76,0,,0,0.0,50.0,,False
sierra,sombra,-40,,-40,-75.0,50.0,,True
sierra,symmetra,-15,,-15,-25.0,50.0,,False
sierra,torbjorn,23,,23,25.0,0.0,17.0,False
sierra,tracer,0,,0,0.0,-50.0,,False
sierra,vendetta,13,,13,25.0,0.0,-25.0,False
sierra,venture,0,,0,0.0,-50.0,,False
sierra,widowmaker,-24,,-24,-25.0,50.0,-20.0,False
sierra,winston,-42,,-42,-50.0,100.0,-19.0,False
sierra,wrecking-ball,25,,25,25.0,50.0,,False
sierra,wuyang,-22,,-22,-25.0,-50.0,-13.0,False
sierra,zarya,-29,,-29,-50.0,-50.0,24.0,True
sierra,zenyatta,25,,25,25.0,50.0,,False
sigma,ana,75,,75,75.0,50.0,,False
sigma,anran,-50,,-50,-50.0,0.0,,False
sigma,ashe,25,,25,25.0,0.0,,False
sigma,baptiste,0,20.0,20,0.0,50.0,,False
sigma,bastion,75,,75,75.0,-50.0,,False
sigma,brigitte,-45,,-45,-50.0,0.0,-29.0,False
sigma,cassidy,41,,41,50.0,50.0,,False
sigma,dmon,-75,,-75,-75.0,0.0,,False
sigma,domina,9,,9,,,,False
sigma,doomfist,6,,6,0.0,0.0,24.0,False
sigma,dva,-13,,-13,-25.0,-50.0,23.0,False
sigma,echo,-25,,-25,-25.0,-50.0,-26.0,False
sigma,emre,40,,40,50.0,0.0,,False
sigma,freja,21,,21,25.0,0.0,,False
sigma,genji,-33,,-33,-50.0,0.0,,True
sigma,hanzo,43,,43,50.0,50.0,23.0,False
sigma,hazard,46,,46,50.0,0.0,34.0,False
sigma,illari,21,,21,25.0,0.0,,False
sigma,jetpack-cat,-25,,-25,-25.0,50.0,,False
sigma,junker-queen,-18,,-18,-25.0,50.0,,False
sigma,junkrat,3,,3,0.0,50.0,,False
sigma,juno,-4,,-4,0.0,0.0,-17.0,False
sigma,kiriko,0,-20.0,-20,0.0,0.0,,False
sigma,lifeweaver,-7,,-7,0.0,100.0,-28.0,False
sigma,lucio,-50,,-50,-50.0,-50.0,,False
sigma,mauga,75,,75,75.0,0.0,,False
sigma,mei,12,,12,25.0,50.0,-28.0,False
sigma,mercy,-25,,-25,-25.0,0.0,,False
sigma,moira,-43,,-43,-50.0,50.0,-22.0,False
sigma,orisa,40,,40,50.0,0.0,,False
sigma,pharah,-20,,-20,-25.0,0.0,-4.0,False
sigma,ramattra,-21,,-21,-25.0,50.0,-9.0,False
sigma,reaper,-25,,-25,-25.0,50.0,,False
sigma,reinhardt,-43,,-43,-50.0,0.0,-22.0,False
sigma,roadhog,-18,,-18,-25.0,-50.0,,False
sigma,shion,-50,,-50,-50.0,0.0,,False
sigma,sierra,75,,75,75.0,100.0,,False
sigma,sojourn,21,,21,25.0,0.0,,False
sigma,soldier-76,56,,56,75.0,-50.0,,True
sigma,sombra,-75,,-75,-75.0,50.0,,False
sigma,symmetra,-52,,-52,-50.0,0.0,-56.0,False
sigma,torbjorn,100,,100,100.0,-50.0,,False
sigma,tracer,-40,,-40,-75.0,0.0,,True
sigma,vendetta,-50,,-50,-50.0,0.0,,False
sigma,venture,-37,,-37,-50.0,0.0,,False
sigma,widowmaker,6,,6,0.0,0.0,,False
sigma,winston,-40,,-40,-75.0,50.0,,True
sigma,wrecking-ball,6,,6,0.0,100.0,24.0,False
sigma,wuyang,50,,50,50.0,50.0,,False
sigma,zarya,-66,,-66,-100.0,50.0,-17.0,True
sigma,zenyatta,24,,24,50.0,-50.0,-35.0,True
sojourn,ana,25,,25,25.0,0.0,,False
sojourn,ashe,0,,0,0.0,0.0,,False
sojourn,baptiste,23,,23,25.0,0.0,18.0,False
sojourn,bastion,59,,59,75.0,0.0,,True
sojourn,brigitte,25,,25,25.0,0.0,,False
sojourn,cassidy,21,,21,25.0,0.0,,False
sojourn,dmon,-25,,-25,-25.0,0.0,,False
sojourn,domina,75,,75,75.0,50.0,,False
sojourn,doomfist,-3,,-3,0.0,-50.0,-13.0,False
sojourn,dva,-50,,-50,-50.0,-50.0,,False
sojourn,echo,4,,4,0.0,-100.0,,False
sojourn,freja,-21,,-21,-25.0,-50.0,-9.0,False
sojourn,genji,-41,,-41,-50.0,0.0,-15.0,False
sojourn,hanzo,-21,,-21,-25.0,0.0,-9.0,False
sojourn,hazard,-21,,-21,-25.0,0.0,-9.0,False
sojourn,illari,40,,40,50.0,-50.0,,False
sojourn,jetpack-cat,40,,40,50.0,50.0,,False
sojourn,junker-queen,0,,0,0.0,0.0,,False
sojourn,junkrat,25,,25,25.0,0.0,,False
sojourn,juno,18,,18,25.0,-50.0,-4.0,False
sojourn,kiriko,-1,,-1,0.0,0.0,-4.0,False
sojourn,lifeweaver,14,,14,25.0,100.0,-18.0,False
sojourn,lucio,-1,,-1,0.0,50.0,-4.0,False
sojourn,mauga,46,,46,50.0,0.0,34.0,False
sojourn,mei,21,,21,25.0,0.0,,False
sojourn,mercy,-5,,-5,0.0,0.0,-19.0,False
sojourn,moira,-1,,-1,0.0,0.0,-4.0,False
sojourn,orisa,-25,,-25,-25.0,50.0,,False
sojourn,pharah,25,,25,25.0,0.0,,False
sojourn,ramattra,0,,0,0.0,-50.0,,False
sojourn,reaper,6,,6,0.0,-50.0,23.0,False
sojourn,reinhardt,25,,25,25.0,50.0,,False
sojourn,roadhog,43,,43,50.0,0.0,20.0,False
sojourn,shion,-25,,-25,-25.0,100.0,,False
sojourn,sierra,0,,0,0.0,0.0,,False
sojourn,sigma,-21,,-21,-25.0,0.0,-9.0,False
sojourn,soldier-76,-2,,-2,0.0,0.0,-9.0,False
sojourn,sombra,-15,,-15,-25.0,0.0,,False
sojourn,symmetra,23,,23,25.0,0.0,,False
sojourn,torbjorn,45,,45,50.0,0.0,28.0,False
sojourn,tracer,4,,4,0.0,0.0,,False
sojourn,vendetta,-22,,-22,-25.0,-100.0,-13.0,False
sojourn,venture,-22,,-22,-25.0,0.0,-13.0,False
sojourn,widowmaker,-25,,-25,-25.0,-50.0,,False
sojourn,winston,-23,,-23,-25.0,50.0,-15.0,False
sojourn,wrecking-ball,-23,,-23,-25.0,-50.0,-17.0,False
sojourn,wuyang,-3,,-3,0.0,50.0,-13.0,False
sojourn,zarya,-50,,-50,-50.0,-50.0,,False
sojourn,zenyatta,21,,21,25.0,50.0,,False
soldier-76,ana,0,,0,0.0,50.0,,False
soldier-76,anran,-19,,-19,,0.0,-19.0,False
soldier-76,ashe,2,,2,0.0,0.0,,False
soldier-76,baptiste,-17,,-17,-25.0,100.0,,False
soldier-76,bastion,22,,22,25.0,0.0,,False
soldier-76,brigitte,-4,,-4,0.0,0.0,-17.0,False
soldier-76,cassidy,-18,,-18,-25.0,50.0,,False
soldier-76,dmon,-24,,-24,-25.0,0.0,-21.0,False
soldier-76,doomfist,-25,,-25,-25.0,-50.0,-26.0,False
soldier-76,dva,-75,,-75,-75.0,-50.0,,False
soldier-76,echo,61,,61,75.0,50.0,17.0,False
soldier-76,emre,15,,15,,,,False
soldier-76,freja,-15,,-15,-25.0,-100.0,,False
soldier-76,genji,-43,,-43,-50.0,-50.0,-20.0,False
soldier-76,hanzo,-22,,-22,-25.0,0.0,-13.0,False
soldier-76,hazard,-23,,-23,-25.0,0.0,-17.0,False
soldier-76,illari,-25,,-25,-25.0,0.0,,False
soldier-76,jetpack-cat,65,,65,75.0,0.0,35.0,False
soldier-76,junker-queen,-3,,-3,0.0,-50.0,-13.0,False
soldier-76,junkrat,40,,40,50.0,50.0,,False
soldier-76,juno,45,,45,50.0,0.0,29.0,False
soldier-76,kiriko,0,,0,0.0,0.0,,False
soldier-76,lifeweaver,18,,18,25.0,50.0,-4.0,False
soldier-76,lucio,25,,25,25.0,-50.0,,False
soldier-76,mauga,3,,3,0.0,0.0,,False
soldier-76,mei,18,,18,25.0,0.0,-4.0,False
soldier-76,mercy,75,,75,75.0,0.0,,False
soldier-76,moira,21,,21,25.0,50.0,,False
soldier-76,orisa,-1,,-1,0.0,50.0,-4.0,False
soldier-76,pharah,64,,64,75.0,0.0,30.0,False
soldier-76,ramattra,0,,0,0.0,-50.0,,False
soldier-76,reaper,-25,,-25,-25.0,0.0,,False
soldier-76,reinhardt,-21,,-21,-25.0,100.0,-9.0,False
soldier-76,roadhog,0,,0,0.0,50.0,,False
soldier-76,shion,25,,25,25.0,0.0,,False
soldier-76,sierra,0,,0,0.0,0.0,,False
soldier-76,sigma,-56,,-56,-75.0,50.0,-9.0,True
soldier-76,sojourn,2,,2,0.0,0.0,,False
soldier-76,sombra,-16,,-16,-25.0,50.0,,False
soldier-76,symmetra,2,,2,0.0,0.0,,False
soldier-76,torbjorn,24,,24,25.0,0.0,21.0,False
soldier-76,tracer,3,,3,0.0,-50.0,,False
soldier-76,vendetta,-62,,-62,-75.0,-50.0,-22.0,False
soldier-76,venture,-40,,-40,-50.0,0.0,-9.0,False
soldier-76,widowmaker,-23,,-23,-25.0,50.0,-17.0,False
soldier-76,winston,-59,,-59,-75.0,50.0,-13.0,True
soldier-76,wrecking-ball,-22,,-22,-25.0,-50.0,-13.0,False
soldier-76,wuyang,0,,0,0.0,0.0,,False
soldier-76,zarya,-25,,-25,-25.0,0.0,,False
soldier-76,zenyatta,21,,21,25.0,-50.0,,False
sombra,ana,40,,40,50.0,50.0,,False
sombra,anran,35,,35,50.0,50.0,-9.0,False
sombra,ashe,56,,56,75.0,50.0,,True
sombra,baptiste,12,,12,25.0,50.0,-27.0,False
sombra,bastion,5,,5,0.0,50.0,,False
sombra,brigitte,-47,,-47,-50.0,50.0,-38.0,False
sombra,cassidy,-59,,-59,-75.0,100.0,-13.0,True
sombra,dmon,-44,,-44,-50.0,0.0,-26.0,False
sombra,domina,-4,,-4,,0.0,-4.0,False
sombra,doomfist,50,,50,50.0,-100.0,,False
sombra,dva,-50,,-50,-50.0,50.0,,False
sombra,echo,22,,22,25.0,-100.0,,False
sombra,freja,24,,24,25.0,-50.0,22.0,False
sombra,genji,-2,,-2,0.0,0.0,-9.0,False
sombra,hanzo,0,,0,0.0,-50.0,,False
sombra,hazard,25,,25,25.0,0.0,,False
sombra,illari,40,,40,50.0,50.0,,False
sombra,jetpack-cat,53,,53,75.0,0.0,,True
sombra,junker-queen,0,,0,0.0,0.0,,False
sombra,junkrat,35,,35,50.0,100.0,-9.0,False
sombra,juno,49,,49,50.0,0.0,44.0,False
sombra,kiriko,-75,,-75,-75.0,0.0,,False
sombra,lifeweaver,42,,42,50.0,0.0,,False
sombra,lucio,42,,42,75.0,-50.0,-13.0,True
sombra,mauga,-12,,-12,-25.0,-50.0,26.0,False
sombra,mei,-42,,-42,-50.0,-50.0,-17.0,False
sombra,mercy,47,,47,50.0,0.0,36.0,False
sombra,mizuki,-4,,-4,,-50.0,-4.0,False
sombra,moira,-56,,-56,-75.0,-100.0,-9.0,True
sombra,orisa,0,,0,0.0,50.0,,False
sombra,pharah,62,,62,75.0,50.0,,False
sombra,ramattra,-2,,-2,0.0,-50.0,-9.0,False
sombra,reaper,-40,,-40,-50.0,50.0,-9.0,False
sombra,reinhardt,0,,0,0.0,50.0,,False
sombra,roadhog,0,,0,0.0,50.0,,False
sombra,shion,-3,,-3,0.0,100.0,-13.0,False
sombra,sierra,40,,40,75.0,0.0,-17.0,True
sombra,sigma,75,,75,75.0,0.0,,False
sombra,sojourn,15,,15,25.0,0.0,-17.0,False
sombra,soldier-76,16,,16,25.0,-50.0,-13.0,False
sombra,symmetra,-61,,-61,-75.0,0.0,-17.0,False
sombra,torbjorn,-35,,-35,-50.0,0.0,,False
sombra,tracer,-2,,-2,0.0,0.0,-9.0,False
sombra,vendetta,-7,,-7,0.0,0.0,-27.0,False
sombra,venture,-6,,-6,0.0,0.0,-23.0,False
sombra,widowmaker,61,,61,75.0,-50.0,,False
sombra,winston,-7,,-7,0.0,-50.0,-28.0,False
sombra,wrecking-ball,65,,65,75.0,50.0,34.0,False
sombra,wuyang,-16,,-16,-25.0,50.0,,False
sombra,zarya,-41,,-41,-50.0,-50.0,-13.0,False
sombra,zenyatta,40,,40,50.0,0.0,,False
symmetra,ana,-4,,-4,0.0,-50.0,-17.0,False
symmetra,anran,42,,42,75.0,50.0,-13.0,True
symmetra,ashe,-6,,-6,0.0,-50.0,-22.0,False
symmetra,baptiste,3,,3,0.0,50.0,,False
symmetra,bastion,-25,,-25,-25.0,-50.0,,False
symmetra,brigitte,45,,45,75.0,0.0,-9.0,True
symmetra,cassidy,-41,,-41,-50.0,-50.0,-13.0,False
symmetra,dmon,27,,27,50.0,0.0,-28.0,True
symmetra,domina,66,,66,75.0,0.0,40.0,False
symmetra,doomfist,25,,25,25.0,0.0,,False
symmetra,dva,45,,45,50.0,-50.0,,False
symmetra,echo,4,,4,0.0,0.0,,False
symmetra,emre,-13,,-13,,0.0,-13.0,False
symmetra,freja,-41,,-41,-50.0,50.0,-13.0,False
symmetra,genji,100,,100,100.0,-100.0,,False
symmetra,hanzo,-40,,-40,-50.0,50.0,-9.0,False
symmetra,hazard,25,,25,25.0,0.0,,False
symmetra,illari,2,,2,0.0,50.0,,False
symmetra,jetpack-cat,-59,,-59,-75.0,50.0,-13.0,True
symmetra,junker-queen,-13,,-13,-25.0,0.0,,False
symmetra,junkrat,-3,,-3,0.0,50.0,-13.0,False
symmetra,juno,0,,0,0.0,50.0,,False
symmetra,kiriko,-4,,-4,0.0,0.0,-17.0,False
symmetra,lifeweaver,-3,,-3,0.0,-50.0,-13.0,False
symmetra,lucio,25,,25,25.0,-50.0,,False
symmetra,mauga,13,,13,0.0,50.0,50.0,False
symmetra,mei,-2,,-2,0.0,50.0,-9.0,False
symmetra,mercy,-4,,-4,0.0,50.0,-17.0,False
symmetra,mizuki,-13,,-13,,0.0,-13.0,False
symmetra,moira,38,,38,75.0,-50.0,-22.0,True
symmetra,orisa,28,,28,25.0,0.0,36.0,False
symmetra,pharah,-56,,-56,-75.0,50.0,-9.0,True
symmetra,ramattra,27,,27,25.0,50.0,,False
symmetra,reaper,33,,33,50.0,50.0,-13.0,True
symmetra,reinhardt,75,,75,75.0,0.0,,False
symmetra,roadhog,-50,,-50,-50.0,0.0,,False
symmetra,shion,45,,45,75.0,-50.0,-9.0,True
symmetra,sierra,15,,15,25.0,50.0,-17.0,False
symmetra,sigma,52,,52,50.0,-50.0,56.0,False
symmetra,sojourn,-23,,-23,-25.0,-50.0,-17.0,False
symmetra,soldier-76,-2,,-2,0.0,-50.0,-9.0,False
symmetra,sombra,61,,61,75.0,0.0,,False
symmetra,torbjorn,2,,2,0.0,-100.0,,False
symmetra,tracer,35,,35,50.0,50.0,-9.0,False
symmetra,vendetta,31,,31,50.0,0.0,-17.0,True
symmetra,venture,31,,31,50.0,-50.0,-17.0,True
symmetra,widowmaker,-9,,-9,0.0,50.0,-36.0,False
symmetra,winston,25,,25,25.0,0.0,,False
symmetra,wrecking-ball,36,,36,25.0,-100.0,,False
symmetra,wuyang,-62,,-62,-75.0,0.0,-22.0,False
symmetra,zarya,-18,,-18,-75.0,0.0,62.0,True
symmetra,zenyatta,0,,0,0.0,-50.0,,False
torbjorn,ana,-23,,-23,-25.0,-50.0,-17.0,False
torbjorn,anran,25,,25,25.0,-50.0,,False
torbjorn,ashe,-42,,-42,-50.0,50.0,-17.0,False
torbjorn,baptiste,-22,,-22,-25.0,-50.0,-13.0,False
torbjorn,bastion,17,,17,25.0,0.0,-9.0,False
torbjorn,brigitte,42,,42,50.0,0.0,,False
torbjorn,cassidy,0,,0,0.0,0.0,,False
torbjorn,dmon,81,,81,75.0,0.0,100.0,False
torbjorn,domina,-41,,-41,-50.0,50.0,-13.0,False
torbjorn,doomfist,45,,45,50.0,0.0,31.0,False
torbjorn,dva,25,,25,25.0,0.0,,False
torbjorn,echo,-61,,-61,-75.0,0.0,-17.0,False
torbjorn,emre,-38,,-38,,-50.0,-38.0,False
torbjorn,freja,-39,,-39,-50.0,0.0,-4.0,False
torbjorn,genji,31,,31,50.0,-50.0,-17.0,True
torbjorn,hanzo,-43,,-43,-50.0,-50.0,-22.0,False
torbjorn,hazard,44,,44,50.0,0.0,,False
torbjorn,illari,-26,,-26,-25.0,0.0,-28.0,False
torbjorn,junker-queen,5,,5,0.0,0.0,,False
torbjorn,junkrat,0,,0,0.0,0.0,,False
torbjorn,juno,-2,,-2,0.0,0.0,-9.0,False
torbjorn,kiriko,-7,,-7,0.0,50.0,-26.0,False
torbjorn,lifeweaver,-2,,-2,0.0,100.0,-9.0,False
torbjorn,lucio,12,,12,25.0,-50.0,-26.0,False
torbjorn,mauga,-11,,-11,-25.0,0.0,,False
torbjorn,mei,-1,,-1,0.0,0.0,-4.0,False
torbjorn,mercy,-4,,-4,0.0,0.0,-17.0,False
torbjorn,mizuki,-9,,-9,,0.0,-9.0,False
torbjorn,moira,45,,45,50.0,50.0,,False
torbjorn,orisa,-50,,-50,-50.0,100.0,,False
torbjorn,pharah,-44,,-44,-50.0,100.0,-26.0,False
torbjorn,ramattra,-50,,-50,-50.0,-50.0,,False
torbjorn,reaper,50,,50,50.0,0.0,,False
torbjorn,reinhardt,67,,67,75.0,50.0,43.0,False
torbjorn,roadhog,10,,10,0.0,-50.0,40.0,False
torbjorn,shion,51,,51,50.0,-100.0,,False
torbjorn,sierra,-23,,-23,-25.0,100.0,-17.0,False
torbjorn,sigma,-100,,-100,-100.0,50.0,,False
torbjorn,sojourn,-45,,-45,-50.0,50.0,-28.0,False
torbjorn,soldier-76,-24,,-24,-25.0,0.0,-22.0,False
torbjorn,sombra,35,,35,50.0,50.0,-9.0,False
torbjorn,symmetra,-2,,-2,0.0,0.0,-9.0,False
torbjorn,tracer,75,,75,75.0,0.0,,False
torbjorn,vendetta,26,,26,25.0,0.0,,False
torbjorn,venture,50,,50,50.0,0.0,,False
torbjorn,widowmaker,-23,,-23,-25.0,0.0,-17.0,False
torbjorn,winston,80,,80,100.0,-50.0,32.0,True
torbjorn,wrecking-ball,44,,44,50.0,100.0,,False
torbjorn,wuyang,-46,,-46,-50.0,100.0,-32.0,False
torbjorn,zarya,-50,,-50,-50.0,-50.0,,False
torbjorn,zenyatta,-24,,-24,-25.0,0.0,-22.0,False
tracer,ana,60,,60,75.0,0.0,16.0,False
tracer,ashe,50,,50,50.0,0.0,,False
tracer,baptiste,-25,,-25,-25.0,50.0,,False
tracer,bastion,63,,63,75.0,-50.0,28.0,False
tracer,brigitte,-75,,-75,-75.0,0.0,,False
tracer,cassidy,-64,,-64,-75.0,0.0,-32.0,False
tracer,dmon,0,,0,0.0,0.0,,False
tracer,domina,50,,50,50.0,0.0,,False
tracer,doomfist,15,,15,25.0,0.0,-17.0,False
tracer,dva,0,,0,0.0,0.0,,False
tracer,echo,-45,,-45,-75.0,100.0,,True
tracer,freja,-25,,-25,-25.0,-50.0,,False
tracer,genji,0,,0,0.0,-50.0,,False
tracer,hanzo,29,,29,50.0,0.0,-23.0,True
tracer,hazard,13,,13,25.0,-50.0,-22.0,False
tracer,illari,-50,,-50,-50.0,-50.0,,False
tracer,junker-queen,0,,0,0.0,-50.0,,False
tracer,junkrat,-9,,-9,0.0,-50.0,-36.0,False
tracer,juno,26,,26,25.0,0.0,30.0,False
tracer,kiriko,-21,,-21,-25.0,50.0,-9.0,False
tracer,lifeweaver,26,,26,25.0,50.0,30.0,False
tracer,lucio,-25,,-25,-25.0,50.0,,False
tracer,mauga,0,,0,0.0,0.0,,False
tracer,mei,-35,,-35,-50.0,-50.0,,False
tracer,mercy,-29,,-29,-50.0,-50.0,22.0,True
tracer,mizuki,-17,,-17,,0.0,-17.0,False
tracer,moira,-42,,-42,-75.0,50.0,,True
tracer,orisa,18,,18,25.0,0.0,-4.0,False
tracer,pharah,-75,,-75,-75.0,50.0,,False
tracer,ramattra,-3,,-3,0.0,-50.0,-13.0,False
tracer,reaper,0,,0,0.0,50.0,,False
tracer,reinhardt,25,,25,25.0,50.0,,False
tracer,roadhog,-6,,-6,0.0,-50.0,-22.0,False
tracer,shion,27,,27,50.0,50.0,-26.0,True
tracer,sierra,0,,0,0.0,100.0,,False
tracer,sigma,40,,40,75.0,0.0,-17.0,True
tracer,sojourn,-4,,-4,0.0,0.0,-17.0,False
tracer,soldier-76,-3,,-3,0.0,50.0,-13.0,False
tracer,sombra,2,,2,0.0,-50.0,,False
tracer,symmetra,-35,,-35,-50.0,-50.0,,False
tracer,torbjorn,-75,,-75,-75.0,0.0,,False
tracer,vendetta,-3,,-3,0.0,0.0,-13.0,False
tracer,venture,-4,,-4,0.0,0.0,-17.0,False
tracer,widowmaker,75,,75,75.0,50.0,,False
tracer,winston,-2,,-2,0.0,100.0,-9.0,False
tracer,wrecking-ball,15,,15,25.0,-100.0,-17.0,False
tracer,wuyang,-25,,-25,-25.0,-50.0,,False
tracer,zarya,25,,25,25.0,-50.0,,False
tracer,zenyatta,75,,75,75.0,-50.0,,False
vendetta,ana,41,,41,50.0,50.0,,False
vendetta,ashe,59,,59,75.0,0.0,,True
vendetta,baptiste,2,,2,0.0,-100.0,,False
vendetta,bastion,-25,,-25,-25.0,0.0,,False
vendetta,brigitte,0,,0,0.0,100.0,,False
vendetta,cassidy,-40,,-40,-50.0,-50.0,-9.0,False
vendetta,dmon,-6,,-6,0.0,0.0,-22.0,False
vendetta,domina,50,,50,50.0,0.0,,False
vendetta,doomfist,-7,,-7,0.0,0.0,-29.0,False
vendetta,dva,25,,25,25.0,-50.0,,False
vendetta,echo,-40,,-40,-50.0,0.0,-9.0,False
vendetta,emre,25,,25,25.0,-50.0,,False
vendetta,freja,0,,0,0.0,0.0,,False
vendetta,genji,0,,0,0.0,100.0,,False
vendetta,hanzo,62,,62,75.0,0.0,,False
vendetta,hazard,-6,,-6,0.0,0.0,-22.0,False
vendetta,illari,0,,0,0.0,100.0,,False
vendetta,jetpack-cat,-75,,-75,-75.0,50.0,,False
vendetta,junker-queen,-25,,-25,-25.0,0.0,,False
vendetta,junkrat,-7,,-7,0.0,0.0,-28.0,False
vendetta,juno,2,,2,0.0,0.0,,False
vendetta,kiriko,8,,8,0.0,0.0,31.0,False
vendetta,lifeweaver,66,,66,75.0,-50.0,37.0,False
vendetta,lucio,-14,,-14,-25.0,-50.0,,False
vendetta,mauga,-25,,-25,-25.0,0.0,,False
vendetta,mei,-50,,-50,-50.0,-50.0,,False
vendetta,mercy,26,,26,25.0,0.0,28.0,False
vendetta,mizuki,-50,,-50,-50.0,50.0,,False
vendetta,moira,-21,,-21,-25.0,50.0,-9.0,False
vendetta,orisa,-41,,-41,-50.0,100.0,-13.0,False
vendetta,pharah,-65,,-65,-75.0,50.0,-34.0,False
vendetta,ramattra,-4,,-4,0.0,0.0,-17.0,False
vendetta,reaper,7,,7,0.0,0.0,,False
vendetta,reinhardt,-6,,-6,0.0,-50.0,-22.0,False
vendetta,roadhog,-39,,-39,-50.0,-50.0,-4.0,False
vendetta,shion,6,,6,0.0,0.0,,False
vendetta,sierra,-13,,-13,-25.0,0.0,,False
vendetta,sigma,50,,50,50.0,50.0,,False
vendetta,sojourn,22,,22,25.0,100.0,,False
vendetta,soldier-76,62,,62,75.0,-50.0,,False
vendetta,sombra,7,,7,0.0,0.0,27.0,False
vendetta,symmetra,-31,,-31,-50.0,50.0,,True
vendetta,torbjorn,-26,,-26,-25.0,50.0,-30.0,False
vendetta,tracer,3,,3,0.0,0.0,,False
vendetta,venture,0,,0,0.0,0.0,,False
vendetta,widowmaker,45,,45,50.0,-100.0,29.0,False
vendetta,winston,11,,11,25.0,100.0,-31.0,False
vendetta,wrecking-ball,11,,11,25.0,50.0,-30.0,False
vendetta,wuyang,1,,1,0.0,100.0,,False
vendetta,zarya,9,,9,0.0,0.0,,False
vendetta,zenyatta,38,,38,75.0,-50.0,-22.0,True
venture,ana,42,,42,50.0,0.0,,False
venture,anran,27,,27,,50.0,27.0,False
venture,ashe,59,,59,75.0,100.0,,True
venture,baptiste,-17,,-17,-25.0,50.0,,False
venture,bastion,25,,25,25.0,50.0,,False
venture,brigitte,-21,,-21,-25.0,-50.0,-9.0,False
venture,cassidy,-41,,-41,-50.0,-50.0,-13.0,False
venture,dmon,-7,,-7,0.0,0.0,-28.0,False
venture,domina,-13,,-13,,0.0,-13.0,False
venture,doomfist,-9,,-9,0.0,50.0,-34.0,False
venture,dva,2,,2,0.0,0.0,,False
venture,echo,-75,,-75,-75.0,-100.0,,False
venture,emre,25,,25,25.0,50.0,,False
venture,freja,-40,,-40,-50.0,0.0,-9.0,False
venture,genji,2,,2,0.0,-100.0,,False
venture,hanzo,24,,24,25.0,0.0,21.0,False
venture,hazard,-7,,-7,0.0,-50.0,-26.0,False
venture,illari,-14,,-14,-25.0,50.0,,False
venture,jetpack-cat,-24,,-24,-25.0,-100.0,-22.0,False
venture,junker-queen,0,,0,0.0,0.0,,False
venture,junkrat,-2,,-2,0.0,0.0,-9.0,False
venture,juno,-25,,-25,-25.0,50.0,,False
venture,kiriko,-27,,-27,-50.0,-50.0,28.0,True
venture,lifeweaver,41,,41,50.0,0.0,,False
venture,lucio,-15,,-15,-25.0,-50.0,,False
venture,mauga,-21,,-21,-25.0,0.0,-9.0,False
venture,mei,-50,,-50,-50.0,0.0,,False
venture,mercy,2,,2,0.0,0.0,,False
venture,moira,-25,,-25,-25.0,0.0,,False
venture,orisa,-21,,-21,-25.0,50.0,-9.0,False
venture,pharah,-66,,-66,-75.0,0.0,-37.0,False
venture,ramattra,-22,,-22,-25.0,50.0,-13.0,False
venture,reaper,0,,0,0.0,50.0,,False
venture,reinhardt,-7,,-7,0.0,-50.0,-26.0,False
venture,roadhog,-25,,-25,-25.0,-50.0,-26.0,False
venture,shion,23,,23,25.0,50.0,,False
venture,sierra,0,,0,0.0,100.0,,False
venture,sigma,37,,37,50.0,0.0,-4.0,False
venture,sojourn,22,,22,25.0,-50.0,,False
venture,soldier-76,40,,40,50.0,0.0,,False
venture,sombra,6,,6,0.0,50.0,23.0,False
venture,symmetra,-31,,-31,-50.0,50.0,,True
venture,torbjorn,-50,,-50,-50.0,50.0,,False
venture,tracer,4,,4,0.0,0.0,,False
venture,vendetta,0,,0,0.0,0.0,,False
venture,widowmaker,44,,44,50.0,50.0,26.0,False
venture,winston,-8,,-8,0.0,0.0,-31.0,False
venture,wrecking-ball,11,,11,25.0,-50.0,-31.0,False
venture,wuyang,2,,2,0.0,-50.0,,False
venture,zarya,-25,,-25,-25.0,50.0,,False
venture,zenyatta,53,,53,75.0,0.0,,True
widowmaker,ana,50,,50,50.0,50.0,,False
widowmaker,anran,-50,,-50,-50.0,0.0,,False
widowmaker,ashe,66,,66,75.0,-50.0,38.0,False
widowmaker,baptiste,50,,50,50.0,-100.0,,False
widowmaker,bastion,42,,42,50.0,-50.0,,False
widowmaker,brigitte,50,,50,50.0,0.0,,False
widowmaker,cassidy,44,,44,50.0,50.0,27.0,False
widowmaker,dmon,-25,,-25,-25.0,0.0,-25.0,False
widowmaker,domina,29,,29,50.0,-50.0,-22.0,True
widowmaker,doomfist,-69,,-69,-75.0,-50.0,-49.0,False
widowmaker,dva,-66,,-66,-100.0,50.0,-17.0,True
widowmaker,echo,50,,50,50.0,0.0,,False
widowmaker,emre,60,,60,75.0,0.0,,False
widowmaker,freja,0,,0,0.0,0.0,,False
widowmaker,genji,-60,,-60,-100.0,50.0,-9.0,True
widowmaker,hanzo,-2,,-2,0.0,50.0,-9.0,False
widowmaker,hazard,-64,,-64,-75.0,-50.0,-30.0,False
widowmaker,illari,50,,50,50.0,50.0,,False
widowmaker,jetpack-cat,50,,50,50.0,-50.0,,False
widowmaker,junker-queen,32,,32,50.0,-50.0,-17.0,True
widowmaker,junkrat,74,,74,100.0,50.0,26.0,True
widowmaker,juno,43,,43,50.0,50.0,,False
widowmaker,kiriko,-43,,-43,-50.0,0.0,-22.0,False
widowmaker,lifeweaver,9,,9,25.0,50.0,-38.0,True
widowmaker,lucio,-50,,-50,-50.0,50.0,,False
widowmaker,mauga,10,,10,25.0,100.0,-35.0,False
widowmaker,mei,42,,42,50.0,50.0,,False
widowmaker,mercy,31,,31,50.0,0.0,-17.0,True
widowmaker,mizuki,9,,9,,,,False
widowmaker,moira,-16,,-16,-25.0,0.0,,False
widowmaker,orisa,-25,,-25,-25.0,50.0,-26.0,False
widowmaker,pharah,63,,63,75.0,0.0,28.0,False
widowmaker,ramattra,-2,,-2,0.0,-50.0,-9.0,False
widowmaker,reaper,-12,,-12,-25.0,0.0,,False
widowmaker,reinhardt,31,,31,50.0,-50.0,-17.0,True
widowmaker,roadhog,10,,10,25.0,50.0,-37.0,True
widowmaker,shion,-16,,-16,-25.0,50.0,,False
widowmaker,sierra,24,,24,25.0,0.0,,False
widowmaker,sigma,-6,,-6,0.0,-50.0,-22.0,False
widowmaker,sojourn,25,,25,25.0,50.0,,False
widowmaker,soldier-76,23,,23,25.0,0.0,,False
widowmaker,sombra,-61,,-61,-75.0,-50.0,-17.0,False
widowmaker,symmetra,9,,9,0.0,-100.0,36.0,False
widowmaker,torbjorn,23,,23,25.0,50.0,,False
widowmaker,tracer,-75,,-75,-75.0,0.0,,False
widowmaker,vendetta,-45,,-45,-50.0,50.0,-30.0,False
widowmaker,venture,-44,,-44,-50.0,0.0,-26.0,False
widowmaker,winston,-91,,-91,-100.0,-50.0,-64.0,False
widowmaker,wrecking-ball,-72,,-72,-75.0,50.0,-63.0,False
widowmaker,wuyang,25,,25,25.0,50.0,,False
widowmaker,zarya,31,,31,75.0,0.0,-35.0,True
widowmaker,zenyatta,40,,40,50.0,-100.0,,False
winston,ana,71,,71,100.0,0.0,,True
winston,anran,41,,41,,-50.0,41.0,False
winston,ashe,71,,71,100.0,0.0,,True
winston,baptiste,-25,,-25,-25.0,-50.0,,False
winston,bastion,-88,,-88,-100.0,50.0,-50.0,False
winston,brigitte,-29,,-29,-50.0,50.0,,True
winston,cassidy,-50,,-50,-50.0,50.0,,False
winston,dmon,11,,11,25.0,0.0,-31.0,False
winston,domina,31,,31,75.0,0.0,-35.0,True
winston,doomfist,-9,,-9,0.0,50.0,-35.0,False
winston,dva,-23,,-23,-25.0,0.0,-17.0,False
winston,echo,-25,,-25,-25.0,0.0,,False
winston,emre,40,,40,50.0,-50.0,,False
winston,freja,50,,50,50.0,0.0,,False
winston,genji,68,,68,75.0,0.0,47.0,False
winston,hanzo,59,,59,75.0,0.0,,True
winston,hazard,-22,,-22,-25.0,-50.0,-13.0,False
winston,illari,42,,42,50.0,0.0,,False
winston,jetpack-cat,26,,26,,,,False
winston,junker-queen,-67,,-67,-75.0,0.0,-42.0,False
winston,junkrat,0,,0,0.0,0.0,,False
winston,juno,63,,63,75.0,50.0,,False
winston,kiriko,25,,25,25.0,-50.0,,False
winston,lifeweaver,65,,65,75.0,0.0,36.0,False
winston,lucio,-13,,-13,-25.0,-50.0,,False
winston,mauga,-75,,-75,-75.0,50.0,-76.0,False
winston,mei,-25,,-25,-25.0,0.0,,False
winston,mercy,22,,22,25.0,-50.0,,False
winston,moira,-15,,-15,-25.0,50.0,,False
winston,orisa,-42,,-42,-50.0,0.0,-17.0,False
winston,pharah,-50,,-50,-50.0,50.0,,False
winston,ramattra,-47,,-47,-50.0,0.0,-39.0,False
winston,reaper,-62,,-62,-75.0,100.0,-22.0,False
winston,reinhardt,-24,,-24,-25.0,0.0,-22.0,False
winston,roadhog,-57,,-57,-50.0,0.0,-78.0,False
winston,shion,75,,75,75.0,-100.0,,False
winston,sierra,42,,42,50.0,-100.0,,False
winston,sigma,40,,40,75.0,0.0,-17.0,True
winston,sojourn,23,,23,25.0,-50.0,,False
winston,soldier-76,59,,59,75.0,50.0,,True
winston,sombra,7,,7,0.0,0.0,,False
winston,symmetra,-25,,-25,-25.0,0.0,,False
winston,torbjorn,-81,,-81,-100.0,50.0,-37.0,True
winston,tracer,2,,2,0.0,-100.0,,False
winston,vendetta,-11,,-11,-25.0,-50.0,31.0,False
winston,venture,8,,8,0.0,0.0,,False
winston,widowmaker,91,,91,100.0,0.0,64.0,False
winston,wrecking-ball,-6,,-6,0.0,0.0,-22.0,False
winston,wuyang,26,,26,25.0,50.0,,False
winston,zarya,36,,36,100.0,-50.0,-26.0,True
winston,zenyatta,38,,38,75.0,0.0,-22.0,True
wrecking-ball,ana,-50,,-50,-50.0,-50.0,,False
wrecking-ball,anran,36,,36,,,,False
wrecking-ball,ashe,43,,43,50.0,50.0,,False
wrecking-ball,baptiste,10,,10,25.0,50.0,-35.0,False
wrecking-ball,bastion,-25,,-25,-25.0,-100.0,,False
wrecking-ball,brigitte,-25,,-25,-25.0,0.0,,False
wrecking-ball,cassidy,-50,,-50,-50.0,0.0,,False
wrecking-ball,dmon,0,,0,0.0,0.0,,False
wrecking-ball,domina,-47,,-47,,-50.0,-47.0,False
wrecking-ball,doomfist,25,,25,25.0,-100.0,,False
wrecking-ball,dva,-10,,-10,0.0,50.0,-39.0,False
wrecking-ball,echo,-50,,-50,-50.0,-50.0,,False
wrecking-ball,emre,50,,50,50.0,0.0,,False
wrecking-ball,freja,-17,,-17,-25.0,0.0,,False
wrecking-ball,genji,-3,,-3,-25.0,-50.0,59.0,True
wrecking-ball,hanzo,62,,62,75.0,50.0,,False
wrecking-ball,hazard,-7,,-7,0.0,-100.0,,False
wrecking-ball,illari,-25,,-25,-25.0,50.0,,False
wrecking-ball,jetpack-cat,-33,,-33,-50.0,-50.0,,True
wrecking-ball,junker-queen,-28,,-28,-25.0,0.0,-35.0,False
wrecking-ball,junkrat,25,,25,25.0,50.0,,False
wrecking-ball,juno,-16,,-16,-25.0,0.0,,False
wrecking-ball,kiriko,24,,24,25.0,-100.0,,False
wrecking-ball,lifeweaver,30,,30,25.0,0.0,45.0,False
wrecking-ball,lucio,3,,3,0.0,-50.0,,False
wrecking-ball,mauga,-60,,-60,-50.0,0.0,-89.0,False
wrecking-ball,mei,-25,,-25,-25.0,0.0,,False
wrecking-ball,mercy,-4,,-4,-25.0,-50.0,54.0,True
wrecking-ball,mizuki,-14,,-14,,,,False
wrecking-ball,moira,-26,,-26,-50.0,0.0,,True
wrecking-ball,orisa,-50,,-50,-50.0,-50.0,,False
wrecking-ball,pharah,-33,,-33,-75.0,-50.0,,True
wrecking-ball,ramattra,0,,0,0.0,0.0,,False
wrecking-ball,reaper,-24,,-24,-25.0,-50.0,-22.0,False
wrecking-ball,reinhardt,-8,,-8,0.0,50.0,-32.0,False
wrecking-ball,roadhog,-47,,-47,-50.0,-50.0,-39.0,False
wrecking-ball,shion,0,,0,0.0,-100.0,,False
wrecking-ball,sierra,-25,,-25,-25.0,0.0,,False
wrecking-ball,sigma,-6,,-6,0.0,0.0,-22.0,False
wrecking-ball,sojourn,23,,23,25.0,0.0,,False
wrecking-ball,soldier-76,22,,22,25.0,0.0,,False
wrecking-ball,sombra,-68,,-68,-75.0,50.0,-46.0,False
wrecking-ball,symmetra,-36,,-36,-25.0,50.0,-68.0,False
wrecking-ball,torbjorn,-44,,-44,-50.0,-100.0,-25.0,False
wrecking-ball,tracer,-15,,-15,-25.0,-100.0,,False
wrecking-ball,vendetta,-11,,-11,-25.0,-50.0,,False
wrecking-ball,venture,-11,,-11,-25.0,0.0,,False
wrecking-ball,widowmaker,72,,72,75.0,0.0,63.0,False
wrecking-ball,winston,6,,6,0.0,0.0,,False
wrecking-ball,wuyang,30,,30,25.0,-50.0,45.0,False
wrecking-ball,zarya,-25,,-25,-25.0,0.0,,False
wrecking-ball,zenyatta,25,,25,25.0,0.0,,False
wuyang,ana,42,,42,50.0,0.0,,False
wuyang,anran,-13,,-13,,-50.0,-13.0,False
wuyang,ashe,0,,0,0.0,-50.0,,False
wuyang,baptiste,1,,1,0.0,-100.0,,False
wuyang,bastion,56,,56,75.0,100.0,,True
wuyang,brigitte,40,,40,50.0,50.0,,False
wuyang,cassidy,43,,43,50.0,50.0,20.0,False
wuyang,dmon,-22,,-22,-25.0,0.0,-13.0,False
wuyang,domina,17,,17,,,,False
wuyang,doomfist,31,,31,50.0,50.0,-17.0,True
wuyang,dva,-18,,-18,-25.0,50.0,,False
wuyang,echo,-50,,-50,-50.0,50.0,,False
wuyang,freja,0,,0,0.0,100.0,,False
wuyang,genji,18,,18,25.0,-100.0,-4.0,False
wuyang,hanzo,2,,2,0.0,50.0,,False
wuyang,hazard,0,,0,0.0,-50.0,,False
wuyang,illari,22,,22,25.0,50.0,,False
wuyang,jetpack-cat,-24,,-24,-25.0,0.0,-22.0,False
wuyang,junker-queen,25,,25,25.0,-100.0,,False
wuyang,junkrat,0,,0,0.0,0.0,,False
wuyang,juno,-5,,-5,0.0,-50.0,-21.0,False
wuyang,kiriko,20,,20,25.0,0.0,,False
wuyang,lifeweaver,16,,16,25.0,0.0,-13.0,False
wuyang,lucio,-6,,-6,0.0,0.0,-22.0,False
wuyang,mauga,24,,24,25.0,-50.0,21.0,False
wuyang,mei,41,,41,50.0,0.0,,False
wuyang,mercy,-24,,-24,-25.0,0.0,-22.0,False
wuyang,mizuki,4,,4,,,,False
wuyang,moira,-4,,-4,0.0,-50.0,-17.0,False
wuyang,orisa,25,,25,25.0,0.0,,False
wuyang,pharah,-4,,-4,0.0,50.0,-17.0,False
wuyang,ramattra,41,,41,50.0,50.0,,False
wuyang,reaper,25,,25,25.0,-100.0,,False
wuyang,reinhardt,56,,56,75.0,100.0,,True
wuyang,roadhog,0,,0,0.0,0.0,,False
wuyang,shion,0,,0,0.0,0.0,,False
wuyang,sierra,22,,22,25.0,0.0,,False
wuyang,sigma,-50,,-50,-50.0,0.0,,False
wuyang,sojourn,3,,3,0.0,50.0,,False
wuyang,soldier-76,0,,0,0.0,0.0,,False
wuyang,sombra,16,,16,25.0,-50.0,-13.0,False
wuyang,symmetra,62,,62,75.0,50.0,22.0,False
wuyang,torbjorn,46,,46,50.0,-50.0,32.0,False
wuyang,tracer,25,,25,25.0,50.0,,False
wuyang,vendetta,-1,,-1,0.0,-50.0,-4.0,False
wuyang,venture,-2,,-2,0.0,0.0,-9.0,False
wuyang,widowmaker,-25,,-25,-25.0,0.0,,False
wuyang,winston,-26,,-26,-25.0,50.0,-28.0,False
wuyang,wrecking-ball,-30,,-30,-25.0,0.0,-45.0,False
wuyang,zarya,-75,,-75,-75.0,50.0,,False
wuyang,zenyatta,24,,24,25.0,-50.0,22.0,False
zarya,ana,100,,100,100.0,50.0,,False
zarya,anran,53,,53,75.0,50.0,,True
zarya,ashe,-50,,-50,-50.0,-50.0,,False
zarya,baptiste,-5,,-5,0.0,0.0,-21.0,False
zarya,bastion,-75,,-75,-75.0,-50.0,,False
zarya,brigitte,-27,,-27,-25.0,100.0,-32.0,False
zarya,cassidy,-15,,-15,-25.0,100.0,,False
zarya,dmon,-75,,-75,-75.0,0.0,,False
zarya,domina,50,,50,50.0,0.0,,False
zarya,doomfist,26,,26,25.0,50.0,28.0,False
zarya,dva,59,,59,75.0,50.0,,True
zarya,echo,40,,40,50.0,50.0,,False
zarya,emre,13,,13,,,,False
zarya,freja,41,,41,50.0,0.0,,False
zarya,genji,64,,64,75.0,50.0,31.0,False
zarya,hanzo,26,,26,25.0,0.0,28.0,False
zarya,hazard,35,,35,50.0,100.0,-9.0,False
zarya,illari,2,,2,0.0,0.0,,False
zarya,junker-queen,56,,56,75.0,50.0,,True
zarya,junkrat,53,,53,75.0,50.0,,True
zarya,juno,50,,50,50.0,-50.0,,False
zarya,kiriko,-8,,-8,0.0,-50.0,-33.0,False
zarya,lifeweaver,-63,,-63,-75.0,0.0,-25.0,False
zarya,lucio,-6,,-6,0.0,50.0,-25.0,False
zarya,mauga,-18,,-18,-25.0,-50.0,,False
zarya,mei,-48,,-48,-50.0,-50.0,-41.0,False
zarya,mercy,0,,0,0.0,0.0,,False
zarya,moira,25,,25,25.0,50.0,,False
zarya,orisa,75,,75,75.0,0.0,,False
zarya,pharah,50,,50,50.0,100.0,,False
zarya,ramattra,-20,,-20,-25.0,50.0,-4.0,False
zarya,reaper,-25,,-25,-25.0,-50.0,,False
zarya,reinhardt,-42,,-42,-50.0,50.0,-17.0,False
zarya,roadhog,-3,,-3,0.0,50.0,-13.0,False
zarya,shion,40,,40,50.0,-100.0,,False
zarya,sierra,29,,29,50.0,0.0,-24.0,True
zarya,sigma,66,,66,100.0,0.0,,True
zarya,sojourn,50,,50,50.0,50.0,,False
zarya,soldier-76,25,,25,25.0,0.0,,False
zarya,sombra,41,,41,50.0,100.0,,False
zarya,symmetra,18,,18,75.0,0.0,-62.0,True
zarya,torbjorn,50,,50,50.0,50.0,,False
zarya,tracer,-25,,-25,-25.0,50.0,,False
zarya,vendetta,-9,,-9,0.0,50.0,-37.0,False
zarya,venture,25,,25,25.0,-50.0,,False
zarya,widowmaker,-31,,-31,-75.0,0.0,33.0,True
zarya,winston,-36,,-36,-100.0,50.0,27.0,True
zarya,wrecking-ball,25,,25,25.0,-50.0,,False
zarya,wuyang,75,,75,75.0,0.0,,False
zarya,zenyatta,3,,3,0.0,-50.0,,False
zenyatta,ana,-2,,-2,0.0,0.0,-9.0,False
zenyatta,anran,-20,,-20,-25.0,-50.0,-4.0,False
zenyatta,ashe,-18,,-18,-25.0,50.0,,False
zenyatta,baptiste,-7,,-7,0.0,50.0,-26.0,False
zenyatta,bastion,25,,25,25.0,0.0,,False
zenyatta,brigitte,25,,25,25.0,0.0,,False
zenyatta,cassidy,-18,,-18,-25.0,0.0,,False
zenyatta,dmon,-15,,-15,-25.0,0.0,,False
zenyatta,domina,28,,28,,,,False
zenyatta,doomfist,-42,,-42,-75.0,50.0,,True
zenyatta,dva,-38,,-38,-75.0,50.0,,True
zenyatta,echo,-25,,-25,-25.0,0.0,,False
zenyatta,emre,-9,,-9,,50.0,-9.0,False
zenyatta,freja,-41,,-41,-50.0,-50.0,-13.0,False
zenyatta,genji,-43,,-43,-50.0,0.0,-22.0,False
zenyatta,hanzo,-41,,-41,-50.0,-50.0,-13.0,False
zenyatta,hazard,45,,45,50.0,0.0,29.0,False
zenyatta,illari,0,-25.0,-25,0.0,0.0,,False
zenyatta,jetpack-cat,-22,,-22,,-100.0,-22.0,False
zenyatta,junker-queen,25,,25,25.0,50.0,,False
zenyatta,junkrat,-15,,-15,-25.0,50.0,,False
zenyatta,juno,-44,,-44,-50.0,50.0,-25.0,False
zenyatta,kiriko,-7,,-7,0.0,50.0,-26.0,False
zenyatta,lifeweaver,-6,,-6,0.0,-50.0,-24.0,False
zenyatta,lucio,-45,,-45,-50.0,-50.0,-30.0,False
zenyatta,mauga,44,,44,50.0,0.0,25.0,False
zenyatta,mei,1,,1,0.0,0.0,,False
zenyatta,mercy,-26,,-26,-25.0,0.0,-28.0,False
zenyatta,mizuki,0,-25.0,-25,,,,False
zenyatta,moira,-2,,-2,0.0,0.0,-9.0,False
zenyatta,orisa,61,,61,75.0,0.0,,False
zenyatta,pharah,-50,,-50,-50.0,50.0,,False
zenyatta,ramattra,48,,48,50.0,0.0,42.0,False
zenyatta,reaper,-50,,-50,-50.0,50.0,,False
zenyatta,reinhardt,28,,28,25.0,100.0,37.0,False
zenyatta,roadhog,65,,65,75.0,0.0,33.0,False
zenyatta,shion,-39,,-39,-50.0,0.0,-4.0,False
zenyatta,sierra,-25,,-25,-25.0,0.0,,False
zenyatta,sigma,-24,,-24,-50.0,0.0,,True
zenyatta,sojourn,-21,,-21,-25.0,-50.0,-9.0,False
zenyatta,soldier-76,-21,,-21,-25.0,0.0,-9.0,False
zenyatta,sombra,-40,,-40,-50.0,100.0,-9.0,False
zenyatta,symmetra,0,,0,0.0,0.0,,False
zenyatta,torbjorn,24,,24,25.0,0.0,,False
zenyatta,tracer,-75,,-75,-75.0,50.0,,False
zenyatta,vendetta,-38,,-38,-75.0,50.0,,True
zenyatta,venture,-53,,-53,-75.0,-50.0,-4.0,True
zenyatta,widowmaker,-40,,-40,-50.0,50.0,-9.0,False
zenyatta,winston,-38,,-38,-75.0,-50.0,,True
zenyatta,wrecking-ball,-25,,-25,-25.0,-50.0,,False
zenyatta,wuyang,-24,,-24,-25.0,50.0,-22.0,False
zenyatta,zarya,-3,,-3,0.0,0.0,-13.0,False
